id,comment_body
fs6o1ju,"WhaağŸ˜®oo,  we get a conseğŸ‘©â€ğŸ¤rvative here. This gğŸƒâ€â™‚ï¸uy is more worried aboutğŸ’²ğŸ’³ğŸ§ğŸ¦what the ğŸ”¥ protesters are doing then what the copsğŸ‘®â€â™‚ï¸ğŸ‘®â€â™€ï¸are doing, and what the multi billionğŸ‘®â€â™€ï¸airesğŸ’²ğŸ¦ are doing.

You know what the focus on the blacks lolz ğŸ†ğŸ†ğŸ†"
ftenmxi,"Cummingâš ï¸

OH YEAH OH YEAH ğŸ¤¤ğŸ˜©

WAIT FUCKING HOLD UP ğŸ˜³â€¼ï¸â€¼ï¸

SHIT! ğŸ˜±

PULL OUT! ğŸ¤¬

IM ABOUT TO FUCKING CUMMM!!! ğŸ˜¨ğŸ˜¨ğŸ˜¨ğŸ†ğŸ’¦

OH FUCK OH SHIT ğŸ˜±ğŸ†

â€œOH FUCK!â€ğŸ¤¬ğŸ¤¬ğŸ¤¬

WHAT THE FUCK IS WRONG? ğŸ˜±ğŸ˜±ğŸ˜±

â€œITS DRIPPING INTO MY PUSSY!â€ ğŸ˜³ğŸ˜³ğŸ˜³ğŸ’§ğŸ’§ğŸ’§

SHIT OH FUCK! ğŸ˜«ğŸ˜«ğŸ˜«

â€œOH GOD OH FUCKâ€ ğŸ¤¬ğŸ˜±ğŸ¤¬ğŸ˜±ğŸ˜±ğŸ¤¬â€¼ï¸â€¼ï¸

WHERE THE FUCK IS MY SHOTGUN! ğŸ˜¡ğŸ˜¡ğŸ˜¡

â€œSHIT DONT DO IT ITS JUST A FEW DRIPSâ€ ğŸ’§

I DONT CARE, WHY DIDNT I SMEAR MY SEED IN YOUR TITS ğŸ¥¥ğŸ¥¥

â€œDONT SHOOT ME IN MY PUSSY!â€ ğŸ±

TOO FUCKING LATE! ğŸ’¥ ğŸ”«"
fs60m7d,"Man ğŸ‘¨ I am so angry ğŸ˜¡ wtf ğŸ¤¬ is this racism?
I'm not ğŸš« racist! ğŸ¦ğŸ¤œğŸ¿ğŸ¤›ğŸ‘¨â€ğŸ¦²
You ğŸ‘‰ know ğŸ¤” what?! I'm gonna do ğŸ‘Œ something about this ğŸ’¯ğŸ’¯
Let me start ğŸš© by burning ğŸ”¥ down the city ğŸ™ and stealing ğŸƒâ€â™‚ï¸this store ğŸ¬
That will ğŸ˜ show them! ğŸ˜‚ğŸ¤£"
fs60lg5,"Reddit administrators are cuckolds who get pegged in the ass while playing nintendo switch and drinking soy milk https://youtu.be/DB8FaMJSALU

*I am a bot, and this action was performed automatically. Please [contact the moderators of this subreddit](/message/compose/?to=/r/emojipasta) if you have any questions or concerns.*"
ft3cwvu,Someone nword count op
fsjb82y,goi
ftcj8a3,"I'm a sjw now guys

Man ğŸ‘¨ I am so angry ğŸ˜¡ wtf ğŸ¤¬ is this racism?
I'm not ğŸš« racist! ğŸ¦ğŸ¤œğŸ¿ğŸ¤›ğŸ‘¨â€ğŸ¦²
You ğŸ‘‰ know ğŸ¤” what?! I'm gonna do ğŸ‘Œ something about this ğŸ’¯ğŸ’¯
Let me start ğŸš© by burning ğŸ”¥ down the city ğŸ™ and stealing ğŸƒâ€â™‚ï¸this store ğŸ¬
That will ğŸ˜ show them! ğŸ˜‚ğŸ¤£"
fslnrda,Man ğŸ‘¨ I am so angry ğŸ˜¡ wtf ğŸ¤¬ is this racism? I'm not ğŸš« racist! ğŸ¦ğŸ¤œğŸ¿ğŸ¤›ğŸ‘¨â€ğŸ¦² You ğŸ‘‰ know ğŸ¤” what?! I'm gonna do ğŸ‘Œ something about this ğŸ’¯ğŸ’¯ Let me start ğŸš© by burning ğŸ”¥ down the city ğŸ™ and stealing ğŸƒâ€â™‚ï¸this store ğŸ¬ That will ğŸ˜ show them! ğŸ˜‚ğŸ¤£
fvyoga6,..
fwe5qie,This is not funny or cool. Actually kind of ugly :/
fvh6s8q,ğŸš±ğŸš±
fsy1ptr,u/CummyBot2000 make it [good](https://www.blurb.ca/b/10101837-daddy-s-cummies)
ft1dhgw,r/Emojipolice PUT YOUR HANDS UP YOUR UNDER ARREST!!!!
fwm0ktu,Please don't use the monkey that's offencive
fwuc7nc,iğŸ¤©justğŸ˜œğŸ˜‹ğŸ˜ğŸ˜šğŸ˜œcummedğŸ˜¼ğŸ˜¸ğŸ˜»ğŸ™‰ğŸ¤–ğŸ™ˆ
fwujsfg,r/emojipolice all of this sub Reddit GET ON THE GROUND
fx856z3,But Iâ€™m fine ğŸ™‚ no âœ‹ğŸ» really Iâ€™m fine ğŸ™‚
fx7tcoo,I climbed ğŸ§— out of my ğŸ’†â€â™‚ï¸ head and watched ğŸ‘ myself implode ğŸ§ ğŸŠ a thought â˜•ï¸ without a ğŸ¦— bodyğŸ§š OughtğŸ¥º to be ğŸŒ¸ the shotğŸ’ª to take ğŸšª a load ğŸ’ƒ off. My brain ğŸ§  is poisonedğŸ¼ And Iâ€™mğŸ™ˆ searching ğŸ”­ for the antidote ğŸ§ª ButğŸ¦ every ğŸ¤© timeâ° iğŸ§´ findğŸ§š it ğŸ– myğŸ¥€ defensesğŸ¥Š scream ğŸ—£ï¸oh âœ¨noâŒ youğŸ’ donâ€™t ğŸŒš           wOAhğŸ˜³
fx8sgyb,Was this originally a song? It sounds vaguely familiar
fx7t57b,"cummybot onlyfans: https://www.youtube.com/watch?v=jxJe8bL4VSI

*I am a bot, and this action was performed automatically. Please [contact the moderators of this subreddit](/message/compose/?to=/r/emojipasta) if you have any questions or concerns.*"
fx9tujg,bahahahahahhas
fxae5ns,"ğŸ‘®ğŸ½ğŸš¨ğŸš” PULLOVER ğŸ‘®ğŸ½ğŸš¨ğŸš”

ğŸ˜¤Put your hands behind your backğŸ˜¤

ğŸ—£I'm taking you into custodyğŸ—£

ğŸ“And registering you as ağŸ“

ğŸ”¥ğŸ˜©FLEX OFFENDERğŸ˜©ğŸ”¥"
fxaf4yd,I love this
fxae59m,"cummybot onlyfans: https://www.youtube.com/watch?v=jxJe8bL4VSI

*I am a bot, and this action was performed automatically. Please [contact the moderators of this subreddit](/message/compose/?to=/r/emojipasta) if you have any questions or concerns.*"
fxacqzj,"I ğŸ‘¥ am in 5th grade ğŸ“.. I ğŸ‘ have a crush ğŸ’¥ğŸ’ª on this girl ğŸ‘§ her ğŸ’¦ğŸ°ğŸ† hair ğŸ’ˆ smells ğŸ‘ƒ like ğŸ‘ roses ğŸŒ¹ and her ğŸ°ğŸ˜â¤ personality ğŸ‘¥ is golden ğŸ¤© so I ğŸ‘¥ decided ğŸ‘¯ to peacefully fap ğŸ’¦ğŸ† to her ğŸ’¦ğŸ°ğŸ† beautiful ğŸŒ„ face ğŸ˜€ in the middle âš« of math â•â–âœ– because it was SOOO boring ğŸ˜´ğŸš« ğŸ˜‚ğŸ˜‚ğŸ˜‚ savage ğŸ¥µğŸ™ˆğŸŒ anyways ğŸ”› she ğŸ‘©ğŸ½ caught ğŸ£ me and i ğŸ‘¥ was thinking ğŸ’­ she ğŸ‘©ğŸ½ liked ğŸ‘ğŸ» it making ğŸ›  winks ğŸ˜œ and smiling ğŸ˜ to her ğŸ˜ but ğŸ‘ she ğŸ‘© did not like ğŸ˜„ it. ğŸ˜’ğŸ¤”ğŸ˜•so weird ğŸ˜•. she ğŸ‘© screamed ğŸ˜± then she ğŸ‘© started ğŸ’¢ running ğŸƒâ€â™‚ï¸ to the principal office ğŸ¢ ğŸ˜¢ğŸ™„ğŸ˜¬i cant âŒ stand ğŸš¹ that boomer ğŸŒğŸ» ğŸ˜‚ savage ğŸ¥µğŸ™ˆğŸŒ ğŸ’¯ğŸ˜ anyway ğŸ”› when â° she ğŸ‘© reported ğŸ§ me she ğŸ‘© started ğŸ’¢ spreading ğŸ’° it ğŸ˜­ğŸ™„ğŸ™„ğŸ™„ğŸ˜now people ğŸ‘« call ğŸ“ me weird ğŸ˜² and a 'loser' ğŸ³ like ğŸ˜„ whatt!???? ğŸ™„ im ğŸ˜ totally ğŸ’¯ a winner ğŸ† and part ğŸ† of the logang ğŸ‘ŒğŸ’¯ âœ”ï¸âœ”ï¸âœ”ï¸ğŸ‘ğŸ˜‚ğŸ¥‡ğŸ˜ she ğŸ‘© now told ğŸ—£ her ğŸ°ğŸ˜â¤ parents ğŸ¤µğŸ‘° and im ğŸ˜œ trying ğŸ’¯ to break ğŸ’” in her ğŸ‘±â€â™€ï¸ğŸ‘µ house ğŸ  ğŸ¡ğŸ˜‰ğŸ’ªâœ”ï¸ i ğŸ‘¥ will do many ğŸ‘¬ things ğŸ“ to her ğŸ’¦ğŸ°ğŸ’‹ since ğŸ‘¨ she ğŸ‘© didnt like ğŸ˜„ my fap ğŸ’¦ğŸ† ğŸ˜…ğŸ˜‚ğŸ˜‚ğŸ˜‚ğŸ˜ğŸ˜ she ğŸ‘© geting punsihed ğŸ¤£ğŸ¤£ğŸ¤£ğŸ¤£anyways im ğŸ˜œ gonna ğŸ¤¸â€â™€ï¸ set ğŸ‘Œ the ladder up â˜ âœ”ï¸ğŸ¤“ğŸ˜‹ then go ğŸƒ to her ğŸ°ğŸ˜â¤ bedroom ğŸ˜Œ. ğŸ¤—ğŸ˜ğŸ˜Š Hahahah ğŸ˜‚ ok ğŸ‘Œ wish ğŸ™ me good ğŸ‘Œ luck âš ğŸ€ rediit and pls ğŸ˜­ğŸ˜ğŸ˜³ give ğŸ‘‰ award ğŸ… so i ğŸ‘¥ can share ğŸ‘ğŸ– my savage ğŸ¥µğŸ™ˆğŸŒ story ğŸ“–, ğŸ¤£ğŸ¤£ğŸ˜‚ğŸ˜ğŸ˜ğŸ’¯ğŸ’¯ğŸ‘ thanks ğŸ™ redit ğŸ˜ and logangğŸ’ªğŸ˜ğŸ¤“"
fxacqki,"cummybot onlyfans: https://www.youtube.com/watch?v=jxJe8bL4VSI

*I am a bot, and this action was performed automatically. Please [contact the moderators of this subreddit](/message/compose/?to=/r/emojipasta) if you have any questions or concerns.*"
fxag8ql,hey cummy thanks for sharing my savage story ğŸ˜‚ğŸ‘ğŸ˜ƒâ¤ï¸thabks bru #logang
fxahnxj,whatâ€™s her shampoo?
fxai9pz,"cummybot onlyfans: https://www.youtube.com/watch?v=jxJe8bL4VSI

*I am a bot, and this action was performed automatically. Please [contact the moderators of this subreddit](/message/compose/?to=/r/emojipasta) if you have any questions or concerns.*"
fxaia9z,"I climbed ğŸ§—â€â™€ï¸ out of my ğŸ§  head ğŸ‘§ and watched â° myself ğŸ˜³ implode ğŸ’£ a thought ğŸ’­ without a body ğŸƒ ought ğŸ˜” to be a shot ğŸ”« to take a load ğŸ’¦ off my brain ğŸ§  is poisoned ğŸ¤¢ and Iâ€™m searching ğŸ”­ for the antidoteğŸ˜°but every ğŸ¤© time ğŸ‘€i ğŸ’€find ğŸ’–it ğŸ˜¨my defensesğŸ¥© scream ğŸ™€oh ğŸ˜¿no ğŸ¤§you ğŸ˜¡donâ€™t ğŸ˜± ğ“¦ğ“¸ğ“ªğ“±..ğŸ˜³but ğŸ˜•itâ€™s ğŸ¤”fine, ğŸ˜¯no ğŸ¥±really ğŸ˜²im ğŸ˜¬fine ğŸ¤£"
fxac6ye,âœ¨ğŸ’oh babyğŸ¥°ğŸ˜your theğŸ’–ğŸ˜šsunshineğŸŒ¼ğŸŒon myğŸ˜œğŸŒ·darkest daysğŸŒ‘ğŸŒ§i love uğŸ’˜ğŸ’«ğŸŒ·
fxac6vh,"cummybot onlyfans: https://www.youtube.com/watch?v=jxJe8bL4VSI

*I am a bot, and this action was performed automatically. Please [contact the moderators of this subreddit](/message/compose/?to=/r/emojipasta) if you have any questions or concerns.*"
fx4sppj,"Shawtyâ€™sğŸ’–âœ¨likeğŸŒŸğŸ˜ŒaâŒ›ï¸ğŸ‘‘âœ¨melodyğŸ’ğŸ€ğŸŒŸ ğŸªThatğŸ’« I ğŸŒcan't ğŸŒkeep ğŸŒµout ğŸŒŸGot ğŸŒŸme âœ¨singin' âš¡ï¸likeâš¡ï¸ ğŸ”¥Na na na na ğŸ”¥everydayğŸŒª It'sğŸŒˆ like â˜€ï¸my ğŸ’«iPod â„ï¸stuck ğŸšon ğŸ¤ replay, ğŸ¤¤replay-ay-ay-ayğŸ¥´ Shawty'sğŸ¤¤ like ğŸ¤–a ğŸ¤‘melody ğŸ˜»in ğŸ˜½my ğŸ¤²headğŸ§  That ğŸ¤šI ğŸ¦µcan't ğŸ’‹keep ğŸ’„outğŸ‘€ Got ğŸ¤™me ğŸ™singin' ğŸ™likeğŸ‘… Na na na na ğŸ’„everydayğŸ’‹ ğŸ¦µIt's ğŸ¦¶like ğŸ’ªmy ğŸ¦¾iPod ğŸ‘‹stuck ğŸ‘‹on ğŸ––replay, ğŸ¤šDeluga ğŸ¤˜Heights (replay) ğŸ¤ŸHey âœŠğŸ¾over ğŸ‘and ğŸ¤over  ğŸ‘o_O ||if ğŸ‘I'm ğŸ†“tipsyğŸ”° or â™»ï¸soberğŸ’¯ I ğŸ’–got â¤ï¸lil' ğŸ’”mommağŸ’— on ğŸ’rewindâ£ï¸like the â¤ï¸deck ğŸ‘¥in ğŸ˜»my ğŸ˜ºRover ğŸ‘¾On ğŸ’€my ğŸ¤‘mind, ğŸ¥±shawtyğŸ¥± fine, ğŸ˜¯meditate ğŸ¤’herğŸ¥¶ like ğŸ¥µyoga ğŸ¤’So ğŸ¤•down ğŸ¤on ğŸ˜µthe ğŸ™„line ğŸ˜¤make ğŸ‘‰me ğŸ‘ˆwant ğŸ‘ğŸ¾a ğŸ˜ˆcold ğŸ‘¹sodağŸ‘º ğŸ‘»Hey ğŸ‘½baby ğŸ¤¡be ğŸ¤¤my ğŸ˜ˆradioğŸ¥´ ğŸ˜¶Hear ğŸ¥µyou ğŸ¥ºeverywhere ğŸ˜I ğŸ˜‰go ğŸ™‚Music ğŸ‘©â€â¤ï¸â€ğŸ‘¨in ğŸ˜‡my ğŸ˜šheadğŸ¤ª ğŸ¤¨Know ğŸ˜‹your ğŸ¤ªmelody ğŸ¤©in ğŸ˜”every ğŸ˜­noteğŸ˜ Girl ğŸ˜you ğŸ˜incredibleğŸ˜š ğŸ¤ªMake ğŸ¤©yourself ğŸ¥³availableğŸ˜ ğŸ¥³Na na na nağŸ¤ª ğŸ˜˜That ğŸ¥°tune ğŸ˜šso ğŸ˜Šexceptionalâ˜ºï¸ ğŸ˜Smexy ğŸ˜like ğŸ’—a ğŸ˜špiano ğŸ‘¸give ğŸ’¥you â™‰ï¸my ğŸ‘©ğŸ¿â€ğŸ¦±hands ğŸ‘€if âœŠğŸ¾you're ğŸ˜ˆreadyğŸ’€ ğŸ¥´We ğŸ˜œcan ğŸ˜€make ğŸ™ƒplansğŸ˜š getğŸ¥° body ğŸ˜‹standğŸ˜ if âœŠğŸ¾you let â˜„ï¸meğŸ˜© Girl I'm aâ€¦ğŸ¥µğŸ˜³ğŸ¥´"
fx55q8x,you forgot the â€˜in my headâ€™ part on the first line
fx59hg2,wow. a song as important as this and you mess up the chorus? shameful
fx69wwd,ğŸ‡µğŸ‡ªğŸ‡²ğŸ‡°ğŸ‡·ğŸ‡¼ğŸ‡³ğŸ‡ªğŸ‡·ğŸ‡ºğŸ‡³ğŸ‡·ğŸ‡¨ğŸ‡¦ğŸ‡¦ğŸ‡¼ğŸ‡¨ğŸ‡¦ğŸ‡¨ğŸ‡»ğŸ‡°ğŸ‡­ğŸ‡¦ğŸ‡©ğŸ‡§ğŸ‡³ğŸ‡¦ğŸ‡¶ğŸ‡§ğŸ‡¦ğŸ‡¦ğŸ‡¬ğŸ‡§ğŸ‡·ğŸ‡¦ğŸ‡¿ğŸ‡§ğŸ‡¸ğŸ‡§ğŸ‡ªğŸ‡§ğŸ‡¼ğŸ‡§ğŸ‡¯ğŸ‡§ğŸ‡²ğŸ‡§ğŸ‡¸ğŸ‡§ğŸ‡¸ğŸ‡§ğŸ‡®ğŸ‡§ğŸ‡®ğŸ˜€ğŸ˜ƒğŸ˜„ğŸ˜„ğŸ˜†ğŸ˜…ğŸ˜‚ğŸ¤£â˜ºï¸ğŸ˜ŠğŸ˜‡ğŸ™‚ğŸ™ƒğŸ˜‰ğŸ˜ŒğŸ˜ğŸ¥°ğŸ˜˜ğŸ˜—ğŸ˜™ğŸ˜™ğŸ˜šğŸ˜‹ğŸ˜›ğŸ˜ğŸ˜œğŸ¤ªğŸ¤¨ğŸ§ğŸ¤“ğŸ˜ğŸ¤©ğŸ¥³ğŸ˜ğŸ˜’ğŸ˜ğŸ˜”ğŸ˜ŸğŸ˜•â˜¹ï¸ğŸ˜¢ğŸ˜£ğŸ˜–ğŸ˜«ğŸ˜©ğŸ¥ºğŸ˜¡ğŸ˜¡ğŸ˜ ğŸ˜¤ğŸ¤¬ğŸ¤¯ğŸ˜³ğŸ˜³ğŸ¥µğŸ˜¨ğŸ˜±ğŸ˜°ğŸ˜¥ğŸ˜“ğŸ¤—ğŸ¤”ğŸ¤”ğŸ¤«ğŸ¤«ğŸ¤¥ğŸ˜¶ğŸ˜ğŸ˜‘ğŸ˜¬ğŸ˜¬ğŸ˜¯ğŸ˜¦ğŸ˜§ğŸ˜®ğŸ˜²ğŸ˜²ğŸ¥±ğŸ˜´ğŸ˜ªğŸ˜µğŸ¤ğŸ¥´ğŸ¤¢ğŸ¤®ğŸ¤§ğŸ˜ˆğŸ¤’ğŸ¤•ğŸ˜·ğŸ¤•ğŸ¤‘ğŸ¤ ğŸ¤ ğŸ‘¹ğŸ‘ºğŸ¤¡ğŸ¤¡ğŸ’©ğŸ’©ğŸ‘»ğŸ’€ğŸ‘‡ğŸ‘‡ğŸ¦·ğŸ‘‡ğŸ‘…ğŸ‘…â˜ ï¸â˜ ï¸â˜ ï¸ğŸ’©ğŸ‘»ğŸ‘»ğŸ’€â˜ ï¸ğŸ‘½ğŸ‘¾ğŸ¤–ğŸƒğŸ˜ºğŸ˜ºğŸ˜¸ğŸ˜¹ğŸ˜¼ğŸ˜½ğŸ™€ğŸ™€ğŸ˜¿ğŸ˜¾ ğŸ‘ğŸ»ğŸ‘ğŸ¼ğŸ‘ğŸ½ğŸ‘ğŸ¾ğŸ‘ğŸ¿ğŸ™ŒğŸ™ŒğŸ»ğŸ™ŒğŸ¼ğŸ™ŒğŸ½ğŸ™ŒğŸ¾ğŸ™ŒğŸ¿ğŸ‘ğŸ‘ğŸ»ğŸ‘ğŸ¼ğŸ‘ğŸ½ğŸ‘ğŸ¾ğŸ‘ğŸ¿ğŸ¤ğŸ‘ğŸ‘ğŸ»ğŸ‘ğŸ¼ğŸ‘ğŸ½ğŸ‘ğŸ¾ğŸ‘ğŸ¿ğŸ‘ğŸ‘ğŸ»ğŸ‘ğŸ¼ğŸ‘ğŸ½ğŸ‘ğŸ¾ğŸ‘ğŸ¿ğŸ‘ŠğŸ‘ŠğŸ»ğŸ‘ŠğŸ¼ğŸ‘ŠğŸ½ğŸ‘ŠğŸ¾ğŸ‘ŠğŸ¿âœŠâœŠğŸ»âœŠğŸ¼âœŠğŸ½âœŠğŸ¾âœŠğŸ¿ğŸ¤›ğŸ¤›ğŸ»ğŸ¤›ğŸ¼ğŸ¤›ğŸ½ğŸ¤›ğŸ¾ğŸ¤›ğŸ¿ğŸ¤œğŸ¤œğŸ»ğŸ¤œğŸ¼ğŸ¤œğŸ½ğŸ¤œğŸ¾ğŸ¤œğŸ¿ğŸ¤ğŸ¤ğŸ»ğŸ¤ğŸ¼ğŸ¤ğŸ½ğŸ¤ğŸ¾ğŸ¤ğŸ¿âœŒï¸âœŒğŸ»âœŒğŸ¼âœŒğŸ½âœŒğŸ¾âœŒğŸ¿ğŸ¤ŸğŸ¤ŸğŸ»ğŸ¤ŸğŸ¼ğŸ¤ŸğŸ½ğŸ¤ŸğŸ¾ğŸ¤ŸğŸ¿ğŸ¤˜ğŸ¤˜ğŸ»ğŸ¤˜ğŸ¼ğŸ¤˜ğŸ½ğŸ¤˜ğŸ¾ğŸ¤˜ğŸ¿ğŸ‘ŒğŸ‘ŒğŸ»ğŸ‘ŒğŸ¼ğŸ‘ŒğŸ½ğŸ‘ŒğŸ¾ğŸ‘ŒğŸ¿ğŸ‘ˆğŸ‘ˆğŸ»ğŸ‘ˆğŸ¼ğŸ‘ˆğŸ½ğŸ‘ˆğŸ¾ğŸ‘ˆğŸ¿ğŸ‘‰ğŸ‘‰ğŸ»ğŸ‘‰ğŸ¼ğŸ‘‰ğŸ½ğŸ‘‰ğŸ¾ğŸ‘‰ğŸ¿ğŸ‘†ğŸ‘†ğŸ»ğŸ‘†ğŸ¼ğŸ‘†ğŸ½ğŸ‘†ğŸ¾ğŸ‘†ğŸ¿ğŸ‘‡ğŸ‘‡ğŸ»ğŸ‘‡ğŸ¼ğŸ‘‡ğŸ½ğŸ‘‡ğŸ¾ğŸ‘‡ğŸ¿â˜ï¸â˜ğŸ»â˜ğŸ¼â˜ğŸ½â˜ğŸ¾â˜ğŸ¿âœ‹âœ‹ğŸ»âœ‹ğŸ¼âœ‹ğŸ½âœ‹ğŸ¾âœ‹ğŸ¿ğŸ¤šğŸ¤šğŸ»ğŸ¤šğŸ¼ğŸ¤šğŸ½ğŸ¤šğŸ¾ğŸ¤šğŸ¿ğŸ–ğŸ–ğŸ»ğŸ–ğŸ¼ğŸ–ğŸ½ğŸ–ğŸ¾ğŸ–ğŸ¿ğŸ––ğŸ––ğŸ»ğŸ––ğŸ¼ğŸ––ğŸ½ğŸ––ğŸ¾ğŸ––ğŸ¿ğŸ‘‹ğŸ‘‹ğŸ»ğŸ‘‹ğŸ¼ğŸ‘‹ğŸ½ğŸ‘‹ğŸ¾ğŸ‘‹ğŸ¿ğŸ¤™ğŸ¤™ğŸ»ğŸ¤™ğŸ¼ğŸ¤™ğŸ½ğŸ¤™ğŸ¾ğŸ¤™ğŸ¿ğŸ’ªğŸ’ªğŸ»ğŸ’ªğŸ¼ğŸ’ªğŸ½ğŸ’ªğŸ¾ğŸ’ªğŸ¿ğŸ–•ğŸ–•ğŸ»ğŸ–•ğŸ¼ğŸ–•ğŸ½ğŸ–•ğŸ¾ğŸ–•ğŸ¿âœï¸âœğŸ»âœğŸ¼âœğŸ½âœğŸ¾âœğŸ¿ğŸ™ğŸ™ğŸ»ğŸ™ğŸ¼ğŸ™ğŸ½ğŸ™ğŸ¾ğŸ™ğŸ¿ğŸ’ğŸ’„ğŸ’‹ğŸ‘„ğŸ‘…ğŸ‘‚ğŸ‘‚ğŸ»ğŸ‘‚ğŸ¼ğŸ‘‚ğŸ½ğŸ‘‚ğŸ¾ğŸ‘‚ğŸ¿ğŸ‘ƒğŸ‘ƒğŸ»ğŸ‘ƒğŸ¼ğŸ‘ƒğŸ½ğŸ‘ƒğŸ¾ğŸ‘ƒğŸ¿ğŸ‘£ğŸ‘ğŸ‘€ğŸ§ ğŸ—£ğŸ‘¤ğŸ‘¥ğŸ‘¶ğŸ‘¶ğŸ»ğŸ‘¶ğŸ¼ğŸ‘¶ğŸ½ğŸ‘¶ğŸ¾ğŸ‘¶ğŸ¿ğŸ‘§ğŸ‘§ğŸ»ğŸ‘§ğŸ¼ğŸ‘§ğŸ½ğŸ‘§ğŸ¾ğŸ‘§ğŸ¿ğŸ§’ğŸ§’ğŸ»ğŸ§’ğŸ¼ğŸ§’ğŸ½ğŸ§’ğŸ¾ğŸ§’ğŸ¿ğŸ‘¦ğŸ‘¦ğŸ»ğŸ‘¦ğŸ¼ğŸ‘¦ğŸ½ğŸ‘¦ğŸ¾ğŸ‘¦ğŸ¿ğŸ‘©ğŸ‘©ğŸ»ğŸ‘©ğŸ¼ğŸ‘©ğŸ½ğŸ‘©ğŸ¾ğŸ‘©ğŸ¿ğŸ§‘ğŸ§‘ğŸ»ğŸ§‘ğŸ¼ğŸ§‘ğŸ½ğŸ§‘ğŸ¾ğŸ§‘ğŸ¿ğŸ‘¨ğŸ‘¨ğŸ»ğŸ‘¨ğŸ¼ğŸ‘¨ğŸ½ğŸ‘¨ğŸ¾ğŸ‘¨ğŸ¿ğŸ‘±â€â™€ï¸ğŸ‘±ğŸ»â€â™€ï¸ğŸ‘±ğŸ¼â€â™€ï¸ğŸ‘±ğŸ½â€â™€ï¸ğŸ‘±ğŸ¾â€â™€ï¸ğŸ‘±ğŸ¿â€â™€ï¸ğŸ‘±â€â™‚ï¸ğŸ‘±ğŸ¼â€â™‚ï¸ğŸ‘±ğŸ½â€â™‚ï¸ğŸ‘±ğŸ¾â€â™‚ï¸ğŸ‘±ğŸ¿â€â™‚ï¸ğŸ‘±â€â™‚ï¸ğŸ§”ğŸ§”ğŸ»ğŸ§”ğŸ¼ğŸ§”ğŸ½ğŸ§”ğŸ¾ğŸ§”ğŸ¿ğŸ‘µğŸ‘µğŸ»ğŸ‘µğŸ¼ğŸ‘µğŸ½ğŸ‘µğŸ¾ğŸ‘µğŸ¿ğŸ§“ğŸ§“ğŸ»ğŸ§“ğŸ¼ğŸ§“ğŸ½ğŸ§“ğŸ¾ğŸ§“ğŸ¿ğŸ‘´ğŸ‘´ğŸ»ğŸ‘´ğŸ¼ğŸ‘´ğŸ½ğŸ‘´ğŸ¾ğŸ‘´ğŸ¿ğŸ‘²ğŸ‘²ğŸ»ğŸ‘²ğŸ¼ğŸ‘²ğŸ½ğŸ‘²ğŸ¾ğŸ‘²ğŸ¿ğŸ‘³â€â™€ï¸ğŸ‘³ğŸ»â€â™€ï¸ğŸ‘³ğŸ¼â€â™€ï¸ğŸ‘³ğŸ½â€â™€ï¸ğŸ‘³ğŸ¾â€â™€ï¸ğŸ‘³ğŸ¿â€â™€ï¸ğŸ‘³â€â™‚ï¸ğŸ‘³ğŸ»â€â™‚ï¸ğŸ‘³ğŸ¼â€â™‚ï¸ğŸ‘³ğŸ½â€â™‚ï¸ğŸ‘³ğŸ¾â€â™‚ï¸ğŸ‘³ğŸ¿â€â™‚ï¸ğŸ§•ğŸ§•ğŸ»ğŸ§•ğŸ¼ğŸ§•ğŸ½ğŸ§•ğŸ¾ğŸ§•ğŸ¿ğŸ‘®â€â™€ï¸ğŸ‘®ğŸ»â€â™€ï¸ğŸ‘®ğŸ¼â€â™€ï¸ğŸ‘®ğŸ½â€â™€ï¸ğŸ‘®ğŸ¾â€â™€ï¸ğŸ‘®ğŸ¿â€â™€ï¸ğŸ‘·â€â™€ï¸ğŸ‘·ğŸ»â€â™€ï¸ğŸ‘·ğŸ¼â€â™€ï¸ğŸ‘·ğŸ½â€â™€ï¸ğŸ‘·ğŸ¾â€â™€ï¸ğŸ‘·ğŸ¿â€â™€ï¸ğŸ‘·â€â™‚ï¸ğŸ‘·ğŸ»â€â™‚ï¸ğŸ‘·ğŸ¼â€â™‚ï¸ğŸ‘·ğŸ½â€â™‚ï¸ğŸ‘·ğŸ¾â€â™‚ï¸ğŸ‘·ğŸ¿â€â™‚ï¸ğŸ’‚â€â™€ï¸ğŸ’‚ğŸ»â€â™€ï¸ğŸ’‚ğŸ¼â€â™€ï¸ğŸ’‚ğŸ½â€â™€ï¸ğŸ’‚ğŸ¾â€â™€ï¸ğŸ’‚ğŸ¿â€â™€ï¸ğŸ’‚â€â™‚ï¸ğŸ’‚ğŸ»â€â™‚ï¸ğŸ’‚ğŸ¼â€â™‚ï¸ğŸ’‚ğŸ½â€â™‚ï¸ğŸ’‚ğŸ¾â€â™‚ï¸ğŸ’‚ğŸ¿â€â™‚ï¸ğŸ•µï¸â€â™€ï¸ğŸ•µğŸ»â€â™€ï¸ğŸ•µğŸ¼â€â™€ï¸ğŸ•µğŸ½â€â™€ï¸ğŸ•µğŸ¾â€â™€ï¸ğŸ•µğŸ¿â€â™€ï¸ğŸ•µï¸â€â™‚ï¸ğŸ•µğŸ»â€â™‚ï¸ğŸ•µğŸ¼â€â™‚ï¸ğŸ•µğŸ½â€â™‚ï¸ğŸ•µğŸ¾â€â™‚ï¸ğŸ•µğŸ¿â€â™‚ï¸ğŸ•µï¸â€â™‚ï¸ğŸ‘©â€âš•ï¸ğŸ‘©ğŸ»â€âš•ï¸ğŸ‘©ğŸ¼â€âš•ï¸ğŸ‘©ğŸ½â€âš•ï¸ğŸ‘©ğŸ¾â€âš•ï¸ğŸ‘©ğŸ¿â€âš•ï¸ğŸ‘¨â€âš•ï¸ğŸ‘¨ğŸ»â€âš•ï¸ğŸ‘¨ğŸ¼â€âš•ï¸ğŸ‘¨ğŸ½â€âš•ï¸ğŸ‘¨ğŸ¾â€âš•ï¸ğŸ‘¨ğŸ¿â€âš•ï¸ğŸ‘©â€ğŸŒ¾ğŸ‘©ğŸ»â€ğŸŒ¾ğŸ‘©ğŸ¼â€ğŸŒ¾ğŸ‘©ğŸ½â€ğŸŒ¾ğŸ‘©ğŸ¾â€ğŸŒ¾ğŸ‘©ğŸ¿â€ğŸŒ¾ğŸ‘¨â€ğŸŒ¾ğŸ‘¨ğŸ»â€ğŸŒ¾ğŸ‘¨ğŸ¼â€ğŸŒ¾ğŸ‘¨ğŸ½â€ğŸŒ¾ğŸ‘¨ğŸ¾â€ğŸŒ¾ğŸ‘¨ğŸ¿â€ğŸŒ¾ğŸ‘©â€ğŸ³ğŸ‘©ğŸ»â€ğŸ³ğŸ‘©ğŸ¼â€ğŸ³ğŸ‘©ğŸ½â€ğŸ³ğŸ‘©ğŸ¾â€ğŸ³ğŸ‘©ğŸ¿â€ğŸ³ğŸ‘¨â€ğŸ³ğŸ‘¨ğŸ»â€ğŸ³ğŸ‘¨ğŸ¼â€ğŸ³ğŸ‘¨ğŸ½â€ğŸ³ğŸ‘¨ğŸ¾â€ğŸ³ğŸ‘¨ğŸ¿â€ğŸ³ğŸ‘¨â€ğŸ³ğŸ‘©â€ğŸ“ğŸ‘©ğŸ»â€ğŸ“ğŸ‘©ğŸ¼â€ğŸ“ğŸ‘©ğŸ½â€ğŸ“ğŸ‘©ğŸ¾â€ğŸ“ğŸ‘©ğŸ¿â€ğŸ“ğŸ‘¨â€ğŸ“ğŸ‘¨ğŸ»â€ğŸ“ğŸ‘¨ğŸ¼â€ğŸ“ğŸ‘¨ğŸ½â€ğŸ“ğŸ‘¨ğŸ¾â€ğŸ“ğŸ‘¨ğŸ¿â€ğŸ“ğŸ‘©â€ğŸ¤ğŸ‘©ğŸ»â€ğŸ¤ğŸ‘©ğŸ¼â€ğŸ¤ğŸ‘©ğŸ½â€ğŸ¤ğŸ‘©ğŸ¾â€ğŸ¤ğŸ‘©ğŸ¿â€ğŸ¤ğŸ‘¨â€ğŸ¤ğŸ‘¨ğŸ»â€ğŸ¤ğŸ‘¨ğŸ¼â€ğŸ¤ğŸ‘¨ğŸ½â€ğŸ¤ğŸ‘¨ğŸ¾â€ğŸ¤ğŸ‘¨ğŸ¿â€ğŸ¤ğŸ‘©â€ğŸ«ğŸ‘©ğŸ»â€ğŸ«ğŸ‘©ğŸ¼â€ğŸ«ğŸ‘©ğŸ½â€ğŸ«ğŸ‘©ğŸ¾â€ğŸ«ğŸ‘©ğŸ¿â€ğŸ«ğŸ‘¨â€ğŸ«ğŸ‘¨ğŸ»â€ğŸ«ğŸ‘¨ğŸ¼â€ğŸ«ğŸ‘¨ğŸ½â€ğŸ«ğŸ‘¨ğŸ¾â€ğŸ«ğŸ‘¨ğŸ¿â€ğŸ«ğŸ‘©â€ğŸ­ğŸ‘©ğŸ»â€ğŸ­ğŸ‘©ğŸ¼â€ğŸ­ğŸ‘©ğŸ½â€ğŸ­ğŸ‘©ğŸ¾â€ğŸ­ğŸ‘©ğŸ¿â€ğŸ­ğŸ‘¨â€ğŸ­ğŸ‘¨ğŸ»â€ğŸ­ğŸ‘¨ğŸ¼â€ğŸ­ğŸ‘¨ğŸ½â€ğŸ­ğŸ‘¨ğŸ¾â€ğŸ­ğŸ‘¨ğŸ¿â€ğŸ­ğŸ‘©â€ğŸ’»ğŸ‘©ğŸ»â€ğŸ’»ğŸ‘©ğŸ¼â€ğŸ’»ğŸ‘©ğŸ½â€ğŸ’»ğŸ‘©ğŸ¾â€ğŸ’»ğŸ‘©ğŸ¿â€ğŸ’»ğŸ‘¨â€ğŸ’»ğŸ‘¨ğŸ»â€ğŸ’»ğŸ‘¨ğŸ¼â€ğŸ’»ğŸ‘¨ğŸ½â€ğŸ’»ğŸ‘¨ğŸ¾â€ğŸ’»ğŸ‘¨ğŸ¿â€ğŸ’»ğŸ‘©â€ğŸ’¼ğŸ‘©ğŸ»â€ğŸ’¼ğŸ‘©ğŸ¼â€ğŸ’¼ğŸ‘©ğŸ½â€ğŸ’¼ğŸ‘©ğŸ¾â€ğŸ’¼ğŸ‘©ğŸ¿â€ğŸ’¼ğŸ‘¨â€ğŸ’¼ğŸ‘¨ğŸ»â€ğŸ’¼ğŸ‘¨ğŸ¼â€ğŸ’¼ğŸ‘¨ğŸ½â€ğŸ’¼ğŸ‘¨ğŸ¾â€ğŸ’¼ğŸ‘¨ğŸ¿â€ğŸ’¼ğŸ‘¨â€ğŸ’¼ğŸ‘©â€ğŸ”§ğŸ‘©ğŸ»â€ğŸ”§ğŸ‘©ğŸ¼â€ğŸ”§ğŸ‘©ğŸ½â€ğŸ”§ğŸ‘©ğŸ¾â€ğŸ”§ğŸ‘©ğŸ¿â€ğŸ”§ğŸ‘¨â€ğŸ”§ğŸ‘¨ğŸ»â€ğŸ”§ğŸ‘¨ğŸ¼â€ğŸ”§ğŸ‘¨ğŸ½â€ğŸ”§ğŸ‘¨ğŸ¾â€ğŸ”§ğŸ‘¨ğŸ¿â€ğŸ”§ğŸ‘©â€ğŸ”¬ğŸ‘©ğŸ»â€ğŸ”¬ğŸ‘©ğŸ¼â€ğŸ”¬ğŸ‘©ğŸ½â€ğŸ”¬ğŸ‘©ğŸ¾â€ğŸ”¬ğŸ‘©ğŸ¿â€ğŸ”¬ğŸ‘¨â€ğŸ”¬ğŸ‘¨ğŸ»â€ğŸ”¬ğŸ‘¨ğŸ¼â€ğŸ”¬ğŸ‘¨ğŸ½â€ğŸ”¬ğŸ‘¨ğŸ¾â€ğŸ”¬ğŸ‘¨ğŸ¿â€ğŸ”¬ğŸ‘©â€ğŸ¨ğŸ‘©ğŸ»â€ğŸ¨ğŸ‘©ğŸ¼â€ğŸ¨ğŸ‘©ğŸ½â€ğŸ¨ğŸ‘©ğŸ¾â€ğŸ¨ğŸ‘©ğŸ¿â€ğŸ¨ğŸ‘¨â€ğŸ¨ğŸ‘¨ğŸ»â€ğŸ¨ğŸ‘¨ğŸ¼â€ğŸ¨ğŸ‘¨ğŸ½â€ğŸ¨ğŸ‘¨ğŸ¾â€ğŸ¨ğŸ‘¨ğŸ¿â€ğŸ¨ğŸ‘©â€ğŸš’ğŸ‘©ğŸ»â€ğŸš’ğŸ‘©ğŸ¼â€ğŸš’ğŸ‘©ğŸ½â€ğŸš’ğŸ‘©ğŸ¾â€ğŸš’ğŸ‘©ğŸ¿â€ğŸš’ğŸ‘¨â€ğŸš’ğŸ‘¨ğŸ»â€ğŸš’ğŸ‘¨ğŸ¼â€ğŸš’ğŸ‘¨ğŸ½â€ğŸš’ğŸ‘¨ğŸ¾â€ğŸš’ğŸ‘¨ğŸ¿â€ğŸš’ğŸ‘©â€âœˆï¸ğŸ‘©ğŸ»â€âœˆï¸ğŸ‘©ğŸ¼â€âœˆï¸ğŸ‘©ğŸ½â€âœˆï¸ğŸ‘©ğŸ¾â€âœˆï¸ğŸ‘©ğŸ¿â€âœˆï¸ğŸ‘¨â€âœˆï¸ğŸ‘¨ğŸ»â€âœˆï¸ğŸ‘¨ğŸ¼â€âœˆï¸ğŸ‘¨ğŸ½â€âœˆï¸ğŸ‘¨ğŸ¾â€âœˆï¸ğŸ‘¨ğŸ¿â€âœˆï¸ğŸ‘©â€ğŸš€ğŸ‘©ğŸ»â€ğŸš€ğŸ‘©ğŸ¼â€ğŸš€ğŸ‘©ğŸ½â€ğŸš€ğŸ‘©ğŸ¾â€ğŸš€ğŸ‘©ğŸ¿â€ğŸš€ğŸ‘¨â€ğŸš€ğŸ‘¨ğŸ»â€ğŸš€ğŸ‘¨ğŸ¼â€ğŸš€ğŸ‘¨ğŸ½â€ğŸš€ğŸ‘¨ğŸ¾â€ğŸš€ğŸ‘¨ğŸ¿â€ğŸš€ğŸ‘©â€âš–ï¸ğŸ‘©ğŸ»â€âš–ï¸ğŸ‘©ğŸ¼â€âš–ï¸ğŸ‘©ğŸ½â€âš–ï¸ğŸ‘©ğŸ¾â€âš–ï¸ğŸ‘©ğŸ¿â€âš–ï¸ğŸ‘¨â€âš–ï¸ğŸ‘¨ğŸ»â€âš–ï¸ğŸ‘¨ğŸ¼â€âš–ï¸ğŸ‘¨ğŸ½â€âš–ï¸ğŸ‘¨ğŸ¾â€âš–ï¸ğŸ‘¨ğŸ¿â€âš–ï¸ğŸ‘°ğŸ‘°ğŸ»ğŸ‘°ğŸ¼ğŸ‘°ğŸ½ğŸ‘°ğŸ¾ğŸ‘°ğŸ¿ğŸ¤µğŸ¤µğŸ»ğŸ¤µğŸ¼ğŸ¤µğŸ½ğŸ¤µğŸ¾ğŸ¤µğŸ¿ğŸ‘¸ğŸ‘¸ğŸ»ğŸ‘¸ğŸ¼ğŸ‘¸ğŸ½ğŸ‘¸ğŸ¾ğŸ‘¸ğŸ¿ğŸ¤´ğŸ¤´ğŸ»ğŸ¤´ğŸ¼ğŸ¤´ğŸ½ğŸ¤´ğŸ¾ğŸ¤´ğŸ¿ğŸ¤¶ğŸ¤¶ğŸ»ğŸ¤¶ğŸ¼ğŸ¤¶ğŸ½ğŸ¤¶ğŸ¾ğŸ¤¶ğŸ¿ğŸ…ğŸ…ğŸ»ğŸ…ğŸ¼ğŸ…ğŸ½ğŸ…ğŸ¾ğŸ…ğŸ¿ğŸ§™â€â™€ï¸ğŸ§™ğŸ»â€â™€ï¸ğŸ§™ğŸ¼â€â™€ï¸ğŸ§™ğŸ½â€â™€ï¸ğŸ§™ğŸ¾â€â™€ï¸ğŸ§™ğŸ¿â€â™€ï¸ğŸ§™â€â™‚ï¸ğŸ§™ğŸ»â€â™‚ï¸ğŸ§™ğŸ¼â€â™‚ï¸ğŸ§™ğŸ½â€â™‚ï¸ğŸ§™ğŸ¾â€â™‚ï¸ğŸ§™ğŸ¿â€â™‚ï¸ğŸ§â€â™€ï¸ğŸ§ğŸ»â€â™€ï¸ğŸ§ğŸ¼â€â™€ï¸ğŸ§ğŸ¾â€â™€ï¸ğŸ§ğŸ¿â€â™€ï¸ğŸ§â€â™‚ï¸ğŸ§ğŸ»â€â™‚ï¸ğŸ§ğŸ¼â€â™‚ï¸ğŸ§ğŸ½â€â™‚ï¸ğŸ§ğŸ¾â€â™‚ï¸ğŸ§ğŸ¿â€â™‚ï¸ğŸ§›â€â™€ï¸ğŸ§›ğŸ»â€â™€ï¸ğŸ§›ğŸ¼â€â™€ï¸ğŸ§›ğŸ½â€â™€ï¸ğŸ§›ğŸ¾â€â™€ï¸ğŸ§›ğŸ¿â€â™€ï¸ğŸ§›â€â™‚ï¸ğŸ§›ğŸ»â€â™‚ï¸ğŸ§›ğŸ¼â€â™‚ï¸ğŸ§›ğŸ½â€â™‚ï¸ğŸ§›ğŸ¾â€â™‚ï¸ğŸ§›ğŸ¿â€â™‚ï¸ğŸ§Ÿâ€â™€ï¸ğŸ§Ÿâ€â™‚ï¸ğŸ§â€â™€ï¸ğŸ§â€â™‚ï¸ğŸ§œâ€â™€ï¸ğŸ§œğŸ»â€â™€ï¸ğŸ§œğŸ¼â€â™€ï¸ğŸ§œğŸ½â€â™€ï¸ğŸ§œğŸ¾â€â™€ï¸ğŸ§œğŸ¿â€â™€ï¸ğŸ§œâ€â™‚ï¸ğŸ§œğŸ»â€â™‚ï¸ğŸ§œğŸ¼â€â™‚ï¸ğŸ§œğŸ½â€â™‚ï¸ğŸ§œğŸ¾â€â™‚ï¸ğŸ§œğŸ¿â€â™‚ï¸ğŸ§šâ€â™€ï¸ğŸ§šğŸ»â€â™€ï¸ğŸ§šğŸ¼â€â™€ï¸ğŸ§šğŸ½â€â™€ï¸ğŸ§šğŸ¾â€â™€ï¸ğŸ§šğŸ¿â€â™€ï¸ğŸ§šâ€â™€ï¸ğŸ§šâ€â™‚ï¸ğŸ§šğŸ»â€â™‚ï¸ğŸ§šğŸ¼â€â™‚ï¸ğŸ§šğŸ½â€â™‚ï¸ğŸ§šğŸ¾â€â™‚ï¸ğŸ§šğŸ¿â€â™‚ï¸ğŸ§šâ€â™‚ï¸ğŸ‘¼ğŸ‘¼ğŸ»ğŸ‘¼ğŸ¼ğŸ‘¼ğŸ½ğŸ‘¼ğŸ¾ğŸ‘¼ğŸ¿ğŸ¤°ğŸ¤°ğŸ»ğŸ¤°ğŸ¼ğŸ¤°ğŸ½ğŸ¤°ğŸ¾ğŸ¤°ğŸ¿ğŸ¤±ğŸ¤±ğŸ»ğŸ¤±ğŸ¼ğŸ¤±ğŸ½ğŸ¤±ğŸ¾ğŸ¤±ğŸ¿ğŸ™‡â€â™€ï¸ğŸ™‡ğŸ»â€â™€ï¸ğŸ™‡ğŸ¼â€â™€ï¸ğŸ™‡ğŸ½â€â™€ï¸ğŸ™‡ğŸ¾â€â™€ï¸ğŸ™‡ğŸ¿â€â™€ï¸ğŸ™‡â€â™‚ï¸ğŸ™‡ğŸ»â€â™‚ï¸ğŸ™‡ğŸ¼â€â™‚ï¸ğŸ™‡ğŸ½â€â™‚ï¸ğŸ™‡ğŸ¾â€â™‚ï¸ğŸ™‡ğŸ¿â€â™‚ï¸ğŸ’â€â™€ï¸ğŸ’ğŸ»â€â™€ï¸ğŸ’ğŸ¼â€â™€ï¸ğŸ’ğŸ½â€â™€ï¸ğŸ’ğŸ¾â€â™€ï¸ğŸ’ğŸ¿â€â™€ï¸ğŸ’â€â™‚ï¸ğŸ’ğŸ»â€â™‚ï¸ğŸ’ğŸ¼â€â™‚ï¸ğŸ’ğŸ½â€â™‚ï¸ğŸ’ğŸ¾â€â™‚ï¸ğŸ’ğŸ¿â€â™‚ï¸ğŸ™…â€â™€ï¸ğŸ™…ğŸ»â€â™€ï¸ğŸ™…ğŸ¼â€â™€ï¸ğŸ™…ğŸ½â€â™€ï¸ğŸ™…ğŸ¾â€â™€ï¸ğŸ™…ğŸ¿â€â™€ï¸ğŸ™…â€â™‚ï¸ğŸ™…ğŸ»â€â™‚ï¸ğŸ™…ğŸ¼â€â™‚ï¸ğŸ™…ğŸ½â€â™‚ï¸ğŸ™…ğŸ¾â€â™‚ï¸ğŸ™…ğŸ¿â€â™‚ï¸ğŸ™†â€â™€ï¸ğŸ™†ğŸ»â€â™€ï¸ğŸ™†ğŸ¼â€â™€ï¸ğŸ™†ğŸ½â€â™€ï¸ğŸ™†ğŸ¾â€â™€ï¸ğŸ™†ğŸ¿â€â™€ï¸ğŸ™†â€â™‚ï¸ğŸ™†ğŸ»â€â™‚ï¸ğŸ™†ğŸ¼â€â™‚ï¸ğŸ™†ğŸ½â€â™‚ï¸ğŸ™†ğŸ¾â€â™‚ï¸ğŸ™†ğŸ¿â€â™‚ï¸ğŸ™‹â€â™€ï¸ğŸ™‹ğŸ»â€â™€ï¸ğŸ™‹ğŸ¼â€â™€ï¸ğŸ™‹ğŸ½â€â™€ï¸ğŸ™‹ğŸ¾â€â™€ï¸ğŸ™‹ğŸ¿â€â™€ï¸ğŸ™‹â€â™‚ï¸ğŸ™‹ğŸ»â€â™‚ï¸ğŸ™‹ğŸ¼â€â™‚ï¸ğŸ™‹ğŸ½â€â™‚ï¸ğŸ™‹ğŸ¾â€â™‚ï¸ğŸ™‹ğŸ¿â€â™‚ï¸ğŸ¤¦â€â™€ï¸ğŸ¤¦ğŸ»â€â™€ï¸ğŸ¤¦ğŸ¼â€â™€ï¸ğŸ¤¦ğŸ½â€â™€ï¸ğŸ¤¦ğŸ¾â€â™€ï¸ğŸ¤¦ğŸ¿â€â™€ï¸ğŸ¤¦â€â™‚ï¸ğŸ¤¦ğŸ»â€â™‚ï¸ğŸ¤¦ğŸ¼â€â™‚ï¸ğŸ¤¦ğŸ½â€â™‚ï¸ğŸ¤¦ğŸ¾â€â™‚ï¸ğŸ¤¦ğŸ¿â€â™‚ï¸ğŸ¤¦â€â™‚ï¸ğŸ¤·â€â™€ï¸ğŸ¤·ğŸ»â€â™€ï¸ğŸ¤·ğŸ¼â€â™€ï¸ğŸ¤·ğŸ½â€â™€ï¸ğŸ¤·ğŸ¾â€â™€ï¸ğŸ¤·ğŸ¿â€â™€ï¸ğŸ¤·â€â™‚ï¸ğŸ¤·ğŸ»â€â™‚ï¸ğŸ¤·ğŸ¼â€â™‚ï¸ğŸ¤·ğŸ½â€â™‚ï¸ğŸ¤·ğŸ¾â€â™‚ï¸ğŸ¤·ğŸ¿â€â™‚ï¸ğŸ™â€â™€ï¸ğŸ™ğŸ»â€â™€ï¸ğŸ™ğŸ¼â€â™€ï¸ğŸ™ğŸ½â€â™€ï¸ğŸ™ğŸ¾â€â™€ï¸ğŸ™ğŸ¿â€â™€ï¸ğŸ™â€â™‚ï¸ğŸ™ğŸ»â€â™‚ï¸ğŸ™ğŸ¼â€â™‚ï¸ğŸ™ğŸ½â€â™‚ï¸ğŸ™ğŸ¾â€â™‚ï¸ğŸ™ğŸ¿â€â™‚ï¸ğŸ™â€â™€ï¸ğŸ™ğŸ»â€â™€ï¸ğŸ™ğŸ¼â€â™€ï¸ğŸ™ğŸ½â€â™€ï¸ğŸ™ğŸ¾â€â™€ï¸ğŸ™ğŸ¿â€â™€ï¸ğŸ™â€â™‚ï¸ğŸ™ğŸ»â€â™‚ï¸ğŸ™ğŸ¼â€â™‚ï¸ğŸ™ğŸ½â€â™‚ï¸ğŸ™ğŸ¾â€â™‚ï¸ğŸ™ğŸ¿â€â™‚ï¸ğŸ’‡â€â™€ï¸ğŸ’‡ğŸ»â€â™€ï¸ğŸ’‡ğŸ¼â€â™€ï¸ğŸ’‡ğŸ½â€â™€ï¸ğŸ’‡ğŸ¾â€â™€ï¸ğŸ’‡ğŸ¿â€â™€ï¸ğŸ’‡â€â™‚ï¸ğŸ’‡ğŸ»â€â™‚ï¸ğŸ’‡ğŸ¼â€â™‚ï¸ğŸ’‡ğŸ½â€â™‚ï¸ğŸ’‡ğŸ¾â€â™‚ï¸ğŸ’‡ğŸ¿â€â™‚ï¸ğŸ’†â€â™€ï¸ğŸ’†ğŸ»â€â™€ï¸ğŸ’†ğŸ¼â€â™€ï¸ğŸ’†ğŸ½â€â™€ï¸ğŸ’†ğŸ¾â€â™€ï¸ğŸ’†ğŸ¿â€â™€ï¸ğŸ’†â€â™‚ï¸ğŸ’†ğŸ»â€â™‚ï¸ğŸ’†ğŸ¼â€â™‚ï¸ğŸ’†ğŸ½â€â™‚ï¸ğŸ’†ğŸ¾â€â™‚ï¸ğŸ’†ğŸ¿â€â™‚ï¸ğŸ§–â€â™€ï¸ğŸ§–ğŸ»â€â™€ï¸ğŸ§–ğŸ¼â€â™€ï¸ğŸ§–ğŸ½â€â™€ï¸ğŸ§–ğŸ¾â€â™€ï¸ğŸ§–ğŸ¿â€â™€ï¸ğŸ§–â€â™‚ï¸ğŸ§–ğŸ»â€â™‚ï¸ğŸ§–ğŸ¼â€â™‚ï¸ğŸ§–ğŸ½â€â™‚ï¸ğŸ§–ğŸ¾â€â™‚ï¸ğŸ§–ğŸ¿â€â™‚ï¸ğŸ’…ğŸ’…ğŸ»ğŸ’…ğŸ¼ğŸ’…ğŸ½ğŸ’…ğŸ¾ğŸ’…ğŸ¿ğŸ¤³ğŸ¤³ğŸ»ğŸ¤³ğŸ¼ğŸ¤³ğŸ½ğŸ¤³ğŸ¾ğŸ¤³ğŸ¿ğŸ’ƒğŸ’ƒğŸ»ğŸ’ƒğŸ¼ğŸ’ƒğŸ½ğŸ’ƒğŸ¾ğŸ•ºğŸ•ºğŸ»ğŸ•ºğŸ¼ğŸ•ºğŸ½ğŸ•ºğŸ¾ğŸ•ºğŸ¿ğŸ‘¯â€â™€ï¸ğŸ‘¯â€â™‚ï¸ğŸ•´ğŸ•´ğŸ»ğŸ•´ğŸ¼ğŸ•´ğŸ½ğŸ•´ğŸ¾ğŸ•´ğŸ¿ğŸš¶â€â™€ï¸ğŸš¶ğŸ»â€â™€ï¸ğŸš¶ğŸ¼â€â™€ï¸ğŸš¶ğŸ½â€â™€ï¸ğŸš¶ğŸ¾â€â™€ï¸ğŸš¶ğŸ¿â€â™€ï¸ğŸš¶â€â™‚ï¸ğŸš¶ğŸ»â€â™‚ï¸ğŸš¶ğŸ¼â€â™‚ï¸ğŸš¶ğŸ½â€â™‚ï¸ğŸš¶ğŸ¾â€â™‚ï¸ğŸš¶ğŸ¿â€â™‚ï¸ğŸƒâ€â™€ï¸ğŸƒğŸ»â€â™€ï¸ğŸƒğŸ¼â€â™€ï¸ğŸƒğŸ½â€â™€ï¸ğŸƒğŸ¾â€â™€ï¸ğŸƒğŸ¿â€â™€ï¸ğŸƒâ€â™‚ï¸ğŸƒğŸ»â€â™‚ï¸ğŸƒğŸ¼â€â™‚ï¸ğŸƒğŸ½â€â™‚ï¸ğŸƒğŸ¾â€â™‚ï¸ğŸƒğŸ¿â€â™‚ï¸ğŸ‘«ğŸ‘­ğŸ‘¬ğŸ’‘ğŸ‘©â€â¤ï¸â€ğŸ‘©ğŸ‘¨â€â¤ï¸â€ğŸ‘¨ğŸ’ğŸ‘©â€â¤ï¸â€ğŸ’‹â€ğŸ‘©ğŸ‘¨â€â¤ï¸â€ğŸ’‹â€ğŸ‘¨ğŸ‘ªğŸ‘¨â€ğŸ‘©â€ğŸ‘§ğŸ‘¨â€ğŸ‘©â€ğŸ‘§â€ğŸ‘¦ğŸ‘¨â€ğŸ‘©â€ğŸ‘¦â€ğŸ‘¦ğŸ‘©â€ğŸ‘©â€ğŸ‘¦ğŸ‘©â€ğŸ‘©â€ğŸ‘§ğŸ‘©â€ğŸ‘©â€ğŸ‘§â€ğŸ‘¦ğŸ‘©â€ğŸ‘©â€ğŸ‘¦â€ğŸ‘¦ğŸ‘©â€ğŸ‘©â€ğŸ‘§â€ğŸ‘§ğŸ‘¨â€ğŸ‘¨â€ğŸ‘¦ğŸ‘¨â€ğŸ‘¨â€ğŸ‘§ğŸ‘¨â€ğŸ‘¨â€ğŸ‘§â€ğŸ‘¦ğŸ‘¨â€ğŸ‘¨â€ğŸ‘¦â€ğŸ‘¦ğŸ‘¨â€ğŸ‘¨â€ğŸ‘§â€ğŸ‘§ğŸ‘©â€ğŸ‘¦ğŸ‘©â€ğŸ‘§ğŸ‘©â€ğŸ‘§â€ğŸ‘¦ğŸ‘©â€ğŸ‘¦â€ğŸ‘¦ğŸ‘©â€ğŸ‘§â€ğŸ‘§ğŸ‘¨â€ğŸ‘¦ğŸ‘¨â€ğŸ‘§ğŸ‘¨â€ğŸ‘§â€ğŸ‘¦ğŸ‘¨â€ğŸ‘¦â€ğŸ‘¦ğŸ‘¨â€ğŸ‘§â€ğŸ‘§ğŸ¤²ğŸ¤²ğŸ¤²ğŸ¤²ğŸ¤²ğŸ¤²ğŸ¤²ğŸ¤²ğŸ¼ğŸ¤²ğŸ¿ğŸ¤²ğŸ¾ğŸ‘ğŸ™ŒğŸ»ğŸ¤²ğŸ¼ğŸ¤²ğŸ¼ğŸ‘ğŸ‘ğŸ¤ğŸ‘ğŸ‘ğŸ»ğŸ‘ğŸ»ğŸ‘ğŸ‘ŠğŸ½ğŸ‘ŠâœŠğŸ¤›ğŸ¤œğŸ¤ğŸ¤–âœŒï¸ğŸ¤ŸğŸ¤˜ğŸ‘ŒğŸ¤ğŸ‘ˆğŸ‘ˆâœ‹âœ‹ğŸ–ğŸ‘ğŸ¤˜ğŸ˜½ğŸ¤œğŸ¤›ğŸ‘„ğŸ¦·ğŸ‘…ğŸ‘€ğŸ‘€ğŸ‘ğŸ‘¤ğŸ‘¥ğŸ§‘â€ğŸ¦°ğŸ§’ğŸ‘©ğŸ§‘ğŸ‘¨ğŸ—£ğŸ‘ğŸ‘…ğŸ¦¿ğŸ‘¤ğŸ‘®ğŸ’‚â€â™€ï¸ğŸ‘³ğŸ»â€â™‚ï¸ğŸ‘©ğŸ¿â€ğŸ³ğŸ‘©ğŸ¿â€ğŸ³ğŸ‘©ğŸ¿â€ğŸ³ğŸ§‘â€ğŸ”¬ğŸ‘¨â€ğŸ“ğŸ‘©â€ğŸ«ğŸ§‘ğŸ¿â€ğŸ¦¯ğŸ§‘ğŸ¿â€ğŸ¦¯ğŸ‘©â€â¤ï¸â€ğŸ‘©ğŸ§‘ğŸ¿â€ğŸ¦¯ğŸ‘¨â€ğŸ‘©â€ğŸ‘§ğŸ‘¨â€ğŸ‘©â€ğŸ‘§â€ğŸ‘§ğŸ‘©â€ğŸ‘©â€ğŸ‘¦ğŸ‘©â€ğŸ‘©â€ğŸ‘¦ğŸ‘©â€ğŸ‘©â€ğŸ‘¦ğŸ‘©â€ğŸ‘©â€ğŸ‘§ğŸ‘¨â€ğŸ‘©â€ğŸ‘§ğŸ‘©â€ğŸ‘§â€ğŸ‘§ğŸ‘¨â€â¤ï¸â€ğŸ’‹â€ğŸ‘¨ğŸ§¶ğŸ§µğŸ‘¨â€ğŸ‘©â€ğŸ‘¦ğŸ‘¨â€ğŸ‘§â€ğŸ‘¦ğŸ‘¨â€ğŸ‘©â€ğŸ‘¦ğŸ‘¨â€ğŸ‘§â€ğŸ‘¦ğŸ‘¨â€ğŸ‘©â€ğŸ‘§ğŸ‘¨â€ğŸ‘§ğŸ‘¨â€ğŸ‘©â€ğŸ‘§ğŸ‘©â€ğŸ‘§ğŸ‘¨â€ğŸ‘©â€ğŸ‘§ğŸ‘¨â€ğŸ‘§ğŸ‘¨â€ğŸ‘©â€ğŸ‘§ğŸ‘¨â€ğŸ‘¦ğŸ‘¨â€ğŸ‘¦ğŸ‘¨â€ğŸ‘¦ğŸ‘¨â€ğŸ‘©â€ğŸ‘§ğŸ‘¨â€ğŸ‘¦ğŸ‘¨â€ğŸ‘©â€ğŸ‘§ğŸ‘¨â€ğŸ‘¦ğŸ‘¨â€ğŸ‘©â€ğŸ‘§ğŸ‘¨â€ğŸ‘©â€ğŸ‘§â€ğŸ‘¦ğŸ‘¨â€ğŸ‘¦ğŸ‘¨â€ğŸ‘©â€ğŸ‘§ğŸ‘¨â€ğŸ‘¦ğŸ‘¨â€ğŸ‘©â€ğŸ‘§ğŸ‘¨â€ğŸ‘§ğŸ‘¨â€ğŸ‘©â€ğŸ‘§ğŸ‘¨â€ğŸ‘¦ğŸ‘©â€ğŸ‘§â€ğŸ‘§ğŸ‘¨â€ğŸ‘©â€ğŸ‘§â€ğŸ‘§ğŸ‘©â€ğŸ‘§â€ğŸ‘§ğŸ‘©â€â¤ï¸â€ğŸ’‹â€ğŸ‘©ğŸ‘©â€ğŸ‘§ğŸ‘©â€â¤ï¸â€ğŸ’‹â€ğŸ‘©ğŸ‘©â€ğŸ‘§ğŸ‘©â€ğŸ‘¦ğŸ‘¨â€â¤ï¸â€ğŸ’‹â€ğŸ‘¨ğŸ¥»ğŸ‘’ğŸ‘’ğŸ“ğŸ¥»ğŸ‘¨â€ğŸ‘¨â€ğŸ‘¦ğŸ§µğŸ§µğŸ§µğŸ¼ğŸ¼â›‘ğŸ¼ğŸ¼â›‘ğŸ·â›‘ğŸ·â›‘ğŸ·ğŸ·ğŸ·ğŸ¦†ğŸ¦–ğŸ—ğŸ¦–ğŸ¦†ğŸ¦–ğŸ¦–ğŸ¦ğŸ¦…ğŸ¦ğŸ¦ğŸ¦ğŸ¦„ğŸ¦ğŸ¦„ğŸ ğŸ ğŸ¡ğŸ¦„ğŸ¡ğŸ¡ğŸ¡ğŸ™ğŸ¦‹ğŸ¦‹ğŸ™ğŸ¢ğŸ¢ğŸ¦ŸğŸ¦ŸğŸ¦†ğŸ“ğŸªğŸ¦©ğŸ¦©ğŸ•ŠğŸ•ŠğŸ¦œğŸ‚ğŸ•â€ğŸ¦ºğŸ‚ğŸ„ğŸ•â€ğŸ¦ºğŸ•â€ğŸ¦ºğŸ•â€ğŸ¦ºğŸ¦ğŸ•â€ğŸ¦ºğŸ¦ğŸ•â€ğŸ¦ºğŸ¦ğŸ¦®ğŸğŸ¦šğŸ¦¥ğŸ¦šğŸ¦¥ğŸ¦šğŸ¦¥ğŸ¦®ğŸ¦¥ğŸğŸğŸ¦®ğŸ¾ğŸªğŸ’¨ğŸ’¨ğŸ’¨ğŸŒâ„ï¸ğŸŒğŸŒğŸŒâ„ï¸â„ï¸â„ï¸â„ï¸ğŸªğŸ’«ğŸ’«â„ï¸ğŸŒ½ğŸ–ğŸ•ğŸ•ğŸ•ğŸ¥’ğŸ§…ğŸ¥”ğŸŒ¯ğŸ ğŸŒ®ğŸ ğŸ”ğŸ ğŸ”ğŸ”ğŸ¥¨ğŸ¥¨ğŸ¥©ğŸ¥¨ğŸ¥©ğŸ§€ğŸ³ğŸ¥”ğŸ³ğŸ§ˆğŸ—ğŸ¥ƒğŸ¸ğŸ‰ğŸ¸ğŸ¥ğŸ ğŸ ğŸ ğŸğŸğŸ“ğŸ’ğŸğŸ³ğŸ§ˆğŸ§ƒğŸ·ğŸ¥ƒğŸµğŸ¥œğŸ¥œğŸ«ğŸ¬ğŸªğŸ¶ğŸ¥ƒğŸ¤¼â›¸â›¸ğŸ¤¿ğŸ›¹ğŸ¿ğŸ‚ğŸ«ğŸ—ğŸ—ğŸ¥ˆğŸ¥‰ğŸ–ğŸ–ğŸµğŸ¸ğŸ¸ğŸ·ğŸ¥ğŸ¬ğŸ¬ğŸºğŸ²ğŸ»ğŸššğŸğŸš—ğŸš•ğŸš•ğŸš“ğŸš›ğŸš›ğŸšœğŸš‘ğŸš™ğŸšŒğŸšŒğŸ¦¯ğŸšœğŸš’ğŸšŒğŸš‘ğŸš²ğŸš”ğŸšŸğŸšŸğŸš¡ğŸš–ğŸ›ºğŸš¨ğŸšğŸš˜ğŸšƒğŸ—¼ğŸ—¼ğŸ—¼ğŸ¢ğŸ¢ğŸœğŸŒ‹â›²ï¸â›²ï¸ğŸ¯ğŸ°ğŸ°ğŸšğŸšâš“ï¸ğŸš¤ğŸš¤ğŸš€ğŸ›«ğŸ›«ğŸ›¬ğŸ›¸ğŸ›¸ğŸ›¸ğŸ›¥ğŸ›¥ğŸ›¥ğŸ›¥â›½ï¸â›½ï¸â›½ï¸ğŸ—ºğŸ¯ğŸ¯ğŸŸğŸš§ğŸš§â›´ğŸš¦ğŸ—½ğŸ¡ğŸ–ğŸ—¾ğŸŒ ğŸ™ğŸŒƒğŸŒƒğŸ‡ğŸ‘ğŸ‘ğŸğŸğŸ†ğŸ†ğŸŒŒğŸŒŒğŸŒ‰ğŸŒ‰ğŸŒ‡ğŸŒ‡ğŸŒ…ğŸŒ…ğŸŒ„ğŸŒ„ğŸŒ„ğŸŒ†ğŸŒğŸŒğŸŒğŸŒ†ğŸŒŒğŸŒƒğŸ™ğŸŒ ğŸŒ ğŸ‡âŒšï¸âŒšï¸ğŸ–¥ğŸ–¥ğŸ—œğŸ—œğŸ—œğŸ’½ğŸ’½ğŸ–¨ğŸ–¨ğŸ“±ğŸ“²ğŸ“²ğŸ–±ğŸ’¾ğŸ’¾ğŸ’¿ğŸ’¿ğŸ’¿ğŸ–²ğŸ’»âŒ¨ï¸âŒ¨ï¸ğŸ•¹ğŸ“€ğŸ“€ğŸ¥ğŸ¥ğŸ“¹ğŸ“·ğŸ“¼ğŸ“¼ğŸ“½ğŸ“½ğŸ“½ğŸ“½ğŸ“½ğŸ“½ğŸ“½ğŸ“ ğŸ“ ğŸ“ ğŸ“ºğŸ“ºğŸ“ºğŸğŸğŸ“ğŸ“»ğŸ“»ğŸ“»ğŸ™â˜ï¸ğŸ“ŸğŸ“ŸğŸšâ°â°â±ğŸ›ğŸ›ğŸ•°â³â³ğŸ“¡ğŸ”‹ğŸ’¡ğŸ§¯ğŸ§¯ğŸ›¢ğŸ’·ğŸ’°ğŸ’·ğŸ’¶âš–ï¸ğŸ’¶ğŸ’¶ğŸ’·ğŸ’¶ğŸ’¶ğŸ’·ğŸ’¶ğŸ’¶ğŸ’·ğŸ’¶ğŸ’¶ğŸ’¶ğŸ’¶ğŸ’·ğŸ’¶ğŸ’¶ğŸ’·ğŸ’¶ğŸ’¶ğŸ’¶ğŸ’·ğŸ’·ğŸ’·ğŸ’¶ğŸ’¶ğŸ’¶ğŸ’¶ğŸ’·ğŸ’·ğŸ’¶âš–ï¸ğŸ§°ğŸ”§ğŸ”§ğŸ’³ğŸ’µğŸ”¨âš™ï¸ğŸ”©ğŸ› âš°ï¸âš°ï¸âš°ï¸âš°ï¸âš°ï¸ğŸ”¬ğŸ”¬ğŸ©¸ğŸ©¸ğŸ©ºğŸ©ºğŸ”­ğŸ”®ğŸ’ˆğŸ©¸ğŸŒ¡ğŸŒ¡ğŸ§ªğŸ§¹ğŸ§ºğŸ›ŒğŸ›ŒğŸğŸˆğŸğŸğŸğŸğŸğŸ€ğŸ–¼ğŸ›ŒğŸğŸˆğŸğŸğŸ‰ğŸ‰ğŸŠğŸ“ƒğŸ“ƒğŸ“­ğŸ“¦ğŸ“¦ğŸ“©ğŸ“¥ğŸ’ŒğŸ“ªğŸ“œğŸ“ŠğŸ“†ğŸ“ˆğŸ“‰ğŸ“‡ğŸ“‡ğŸ“†ğŸ—“ğŸ—“ğŸ“†ğŸ—ğŸ—ğŸ—„ğŸ—„ğŸ—ƒğŸ—‚ğŸ“’ğŸ“’ğŸ“•ğŸ“—ğŸ“°ğŸ“‹ğŸ—„ğŸ“‚ğŸ“”ğŸ“’ğŸ“–ğŸ”–ğŸ”–ğŸ§·ğŸ“˜ğŸ“šğŸ“™ğŸ“™ğŸ”ğŸ”“ğŸ”’âœï¸âœ’ï¸âœ’ï¸ğŸ–ŒğŸ”ğŸ”ğŸ–‡ğŸ”—ğŸ§®ğŸ–‹ğŸ’”ğŸ’”ğŸ’”ğŸ’”ğŸ’”ğŸ’”ğŸ’”ğŸ’”ğŸ’”ğŸ’”ğŸ’”ğŸ’”ğŸ’”ğŸ’”ğŸ’”ğŸ’”ğŸ’”ğŸ¤ğŸ’”ğŸ’”ğŸ¤âœï¸â˜ªï¸ğŸ’Ÿâ˜¦ï¸â™Šï¸â™‹ï¸âœ¡ï¸âœ¡ï¸ğŸ•‰ğŸ”¯â™¨ï¸â›â›â™ï¸â™ï¸â™ï¸â™‹ï¸â™Šï¸â™ï¸â™ï¸ğŸ‰‘ğŸ‰‘ğŸ‰‘â˜£ï¸ğŸ“´ğŸ“´ğŸ“³ğŸ“³ğŸˆ·ï¸ğŸˆ·ï¸ğŸˆ·ï¸ğŸˆºğŸˆ¸ğŸˆšï¸ğŸˆ¶âœ´ï¸âœ´ï¸ğŸ†šğŸ’®ğŸ’®ğŸ‰ãŠ™ï¸ãŠ™ï¸ğŸˆ²ğŸˆ²ğŸˆ¹ğŸˆµğŸˆ´ãŠ—ï¸â­•ï¸â­•ï¸ğŸš³â—ï¸â‰ï¸â€¼ï¸ğŸš­ğŸš­ğŸ…°ï¸ğŸ†˜ğŸ…°ï¸ğŸ…±ï¸ğŸ…°ï¸ğŸ†ğŸ†‘ğŸ†‘ğŸ…¾ï¸ğŸ†˜âŒâ­•ï¸ğŸ›‘ğŸ›‘â›”ï¸ğŸš«ğŸ“›ğŸ“›ğŸš«ğŸ’¯ğŸ’¢â™¨ï¸â™¨ï¸ğŸ”ğŸ”ğŸš³ğŸš¯ğŸš·ğŸ“µğŸ“µğŸš­â—ï¸â•â•â“ğŸ”†ğŸ”†ğŸ”…â‰ï¸â”â”â”â€¼ï¸â‰ï¸ğŸ”…ğŸ”…ğŸ”†ğŸ”°ğŸ”°â™»ï¸âœ…ğŸˆ¯ï¸ğŸˆ¯ï¸ğŸ”°ğŸ”°ğŸ”°ğŸ”°ğŸ”°ğŸ”°ğŸ”°ğŸ”°ğŸ”°ğŸ”°â‡ï¸â“‚ï¸âœ³ï¸ğŸˆ¯ï¸ğŸ’¹ğŸˆ¯ï¸âœ…âœ…âœ…ğŸ’ ğŸ§ğŸš¾ğŸ’¤â“‚ï¸â™¿ï¸â™¿ï¸ğŸ…¿ï¸ğŸˆ‚ï¸ğŸ›‚ğŸšºğŸš¹ğŸ›…ğŸ›„ğŸ›ƒğŸš¼ğŸš»ğŸ¦ğŸ¦ğŸ”¡ğŸ”¤â„¹ï¸ğŸˆ4ï¸âƒ£5ï¸âƒ£ğŸ”Ÿâ–¶ï¸âï¸âï¸âï¸ğŸ†“4ï¸âƒ£9ï¸âƒ£âï¸â–¶ï¸#ï¸âƒ£ğŸ”¢â¸â®â­âºâ¹*ï¸âƒ£âï¸ğŸ†–ğŸ†—ğŸ†™ğŸ†’ğŸ†’ğŸ†™ğŸ†—ğŸ†–ğŸ” ğŸ” ğŸ” ğŸ†•ğŸ†•0ï¸âƒ£2ï¸âƒ£2ï¸âƒ£7ï¸âƒ£6ï¸âƒ£6ï¸âƒ£5ï¸âƒ£5ï¸âƒ£5ï¸âƒ£4ï¸âƒ£4ï¸âƒ£3ï¸âƒ£3ï¸âƒ£8ï¸âƒ£8ï¸âƒ£9ï¸âƒ£ğŸ”ŸğŸ”¢ğŸ”‚ğŸ”‚â†–ï¸â¬†ï¸â¬…ï¸â¡ï¸â¡ï¸ğŸ”½ğŸ”½â†—ï¸â†—ï¸â†”ï¸â†”ï¸ğŸ”€ğŸ”€ğŸ”ğŸ”ğŸ”„ğŸ”ƒğŸ”ƒâ¤µï¸â†•ï¸â†©ï¸ğŸ”‚ğŸµğŸ¶â•â–â–â—â„¢ï¸â„¢ï¸ğŸ’±â™¾âœ–ï¸Â©ï¸Â©ï¸ğŸ‘â€ğŸ—¨ğŸ”šğŸ”šğŸ”™ã€°ï¸ã€°ï¸ğŸ”œğŸ”›ğŸ”›ğŸŸ ğŸŸ ğŸŸ¡â˜‘ï¸ğŸ”˜ğŸ”˜ğŸŸ£ğŸŸ£ğŸ”»ğŸ”»ğŸ”ºğŸŸ¤âšªï¸ğŸ”¸ğŸ”¸ğŸ”¸ğŸ”¶ğŸ”·ğŸ”·ğŸ”³â—½ï¸â—¾ï¸â–«ï¸â–ªï¸ğŸ”²â—¼ï¸â—»ï¸ğŸŸ¥ğŸŸ§ğŸŸ§â¬›ï¸â¬›ï¸ğŸŸ¦ğŸŸ©ğŸŸ©ğŸŸ¦â¬›ï¸â¬›ï¸ğŸŸ§ğŸŸ§ğŸŸ¥ğŸŸ¥ğŸŸªğŸŸªğŸŸªğŸ””ğŸ””ğŸ”•ğŸ”ˆğŸ”‡ğŸ”‡ğŸ“£ğŸ“¢â™¥ï¸â™¥ï¸â™£ï¸â™ ï¸ğŸ—¯ğŸ’­â™¦ï¸â™¦ï¸ğŸƒğŸƒğŸ´ğŸ´ğŸ€„ï¸ğŸ€„ï¸ğŸ€„ï¸ğŸ€„ï¸ğŸ€„ï¸ğŸ€„ï¸ğŸ•ğŸ••ğŸ••ğŸ•”ğŸ•”ğŸ•”ğŸ•“ğŸ•“ğŸ•’ğŸ•’ğŸ•’ğŸ•‘ğŸ•–ğŸ•‘ğŸ•–ğŸ•–ğŸ•–ğŸ•›ğŸ•›ğŸ• ğŸ• ğŸ•›ğŸ•›ğŸ•›ğŸ• ğŸ• ğŸ• ğŸ• ğŸ•¥ğŸ•¥ğŸ•¥ğŸ•¦ğŸ•¦ğŸ•¦ğŸ•¡ğŸ•¡ğŸ•œğŸ•œğŸ•—ğŸ•˜ğŸ•˜ğŸ•ğŸ•ğŸ•¢ğŸ•¢ğŸ•§ğŸ•§ğŸ•§ğŸ•§ğŸ•£ğŸ•£ğŸ•£ğŸ•ğŸ•™ğŸ•™ğŸ•™ğŸ•”ğŸ•”ğŸ•”ğŸ••ğŸ•šğŸ•šğŸ•ŸğŸ•¤ğŸ•¤ğŸ•¤ğŸ³ï¸ğŸ³ï¸ğŸ³ï¸ğŸ´ğŸ´ğŸ´ğŸ´â€â˜ ï¸ğŸ´â€â˜ ï¸ğŸ´â€â˜ ï¸ğŸğŸğŸš©ğŸ‡¦ğŸ‡±ğŸ‡¦ğŸ‡±ğŸ‡¦ğŸ‡±ğŸ‡¦ğŸ‡½ğŸ‡¦ğŸ‡½ğŸ‡¦ğŸ‡©ğŸ‡¦ğŸ‡«ğŸ‡ºğŸ‡³ğŸ‡ºğŸ‡³ğŸ‡ºğŸ‡³ğŸ³ï¸â€ğŸŒˆğŸ‡©ğŸ‡¿ğŸ‡©ğŸ‡¿ğŸ‡¦ğŸ‡¸ğŸ‡¦ğŸ‡´ğŸ‡¦ğŸ‡®ğŸ‡¦ğŸ‡´ğŸ‡¦ğŸ‡¼ğŸ‡¦ğŸ‡²ğŸ‡¦ğŸ‡·ğŸ‡¦ğŸ‡¬ğŸ‡¦ğŸ‡¬ğŸ‡¦ğŸ‡¬ğŸ‡¦ğŸ‡¶ğŸ‡¦ğŸ‡¶ğŸ‡¦ğŸ‡¶ğŸ‡§ğŸ‡©ğŸ‡§ğŸ‡©ğŸ‡¦ğŸ‡ºğŸ‡¦ğŸ‡ºğŸ‡§ğŸ‡©ğŸ‡§ğŸ‡¯ğŸ‡§ğŸ‡¯ğŸ‡§ğŸ‡²ğŸ‡§ğŸ‡§ğŸ‡§ğŸ‡¾ğŸ‡§ğŸ‡¸ğŸ‡§ğŸ‡¸ğŸ‡§ğŸ‡¸ğŸ‡¦ğŸ‡¿ğŸ‡§ğŸ‡¸ğŸ‡§ğŸ‡¸ğŸ‡§ğŸ‡­ğŸ‡§ğŸ‡¿ğŸ‡§ğŸ‡¿ğŸ‡§ğŸ‡¦ğŸ‡§ğŸ‡¹ğŸ‡§ğŸ‡²ğŸ‡§ğŸ‡¯ğŸ‡§ğŸ‡¯ğŸ‡§ğŸ‡²ğŸ‡§ğŸ‡¬ğŸ‡§ğŸ‡«ğŸ‡®ğŸ‡´ğŸ‡§ğŸ‡«ğŸ‡®ğŸ‡´ğŸ‡§ğŸ‡«ğŸ‡»ğŸ‡¬ğŸ‡§ğŸ‡«ğŸ‡®ğŸ‡¨ğŸ‡¨ğŸ‡¨ğŸ‡°ğŸ‡­ğŸ‡®ğŸ‡´ğŸ‡§ğŸ‡´ğŸ‡§ğŸ‡´ğŸ‡®ğŸ‡¨ğŸ‡®ğŸ‡´ğŸ‡¨ğŸ‡¦ğŸ‡§ğŸ‡¬ğŸ‡§ğŸ‡«ğŸ‡§ğŸ‡´ğŸ‡®ğŸ‡¨ğŸ‡§ğŸ‡´ğŸ‡¨ğŸ‡¦ğŸ‡¨ğŸ‡¦ğŸ‡¨ğŸ‡¦ğŸ‡¨ğŸ‡¦ğŸ‡¨ğŸ‡¦ğŸ‡§ğŸ‡ªğŸ‡§ğŸ‡¬ğŸ‡§ğŸ‡ªğŸ‡¨ğŸ‡¦ğŸ‡§ğŸ‡ªğŸ‡§ğŸ‡¾ğŸ‡§ğŸ‡²ğŸ‡§ğŸ‡®ğŸ‡§ğŸ‡¶ğŸ‡§ğŸ‡¶ğŸ‡¨ğŸ‡©ğŸ‡©ğŸ‡¯ğŸ‡©ğŸ‡´ğŸ‡­ğŸ‡·ğŸ‡°ğŸ‡²ğŸ‡¨ğŸ‡®ğŸ‡¨ğŸ‡¾ğŸ‡¨ğŸ‡¿ğŸ‡¨ğŸ‡´ğŸ‡¨ğŸ‡¿ğŸ‡ªğŸ‡¨ğŸ‡¨ğŸ‡´ğŸ‡ªğŸ‡ªğŸ‡¨ğŸ‡»ğŸ‡ªğŸ‡·ğŸ‡¨ğŸ‡»ğŸ‡ªğŸ‡·ğŸ‡©ğŸ‡²ğŸ‡§ğŸ‡¶ğŸ‡©ğŸ‡²ğŸ‡°ğŸ‡²ğŸ‡©ğŸ‡´ğŸ‡¨ğŸ‡¬ğŸ‡ªğŸ‡¨ğŸ‡¨ğŸ‡¬ğŸ‡ªğŸ‡¬ğŸ‡¨ğŸ‡®ğŸ‡¬ğŸ‡©ğŸ‡ªğŸ‡ºğŸ‡ªğŸ‡ºğŸ‡«ğŸ‡°ğŸ‡«ğŸ‡°ğŸ‡¬ğŸ‡±ğŸ‡¬ğŸ‡·ğŸ‡¬ğŸ‡±ğŸ‡¬ğŸ‡¹ğŸ‡¬ğŸ‡¬ğŸ‡¬ğŸ‡¬ğŸ‡«ğŸ‡´ğŸ‡¬ğŸ‡¬ğŸ‡«ğŸ‡´ğŸ‡¨ğŸ‡³ğŸ‡°ğŸ‡¬ğŸ‡°ğŸ‡¬ğŸ‡°ğŸ‡¬ğŸ‡°ğŸ‡¬ğŸ‡°ğŸ‡¬ğŸ‡¯ğŸ‡²ğŸ‡°ğŸ‡ªğŸ‡¯ğŸ‡²ğŸ‡±ğŸ‡¦ğŸ‡¯ğŸ‡²ğŸ‡¯ğŸ‡²ğŸ‡±ğŸ‡»ğŸ‡½ğŸ‡°ğŸ‡®ğŸ‡¶ğŸ‡®ğŸ‡©ğŸ‡±ğŸ‡¸ğŸ‡±ğŸ‡§ğŸ‡¾ğŸ‡¹ğŸ‡¾ğŸ‡¹ğŸ‡¾ğŸ‡¹ğŸŒğŸ‡±ğŸ‡ºğŸ‡²ğŸ‡ºğŸ‡²ğŸ‡©ğŸ‡²ğŸ‡´ğŸ‡²ğŸ‡¸ğŸ‡²ğŸ‡¸ğŸ‡²ğŸ‡´ğŸ‡²ğŸ‡»ğŸ‡²ğŸ‡ªğŸ‡²ğŸ‡¦ğŸ‡²ğŸ‡¿ğŸ‡±ğŸ‡§ğŸ‡²ğŸ‡¿ğŸ‡²ğŸ‡¿ğŸ‡±ğŸ‡·ğŸ‡±ğŸ‡ºğŸ‡²ğŸ‡¿ğŸ‡²ğŸ‡¿ğŸ‡²ğŸ‡¦ğŸ‡±ğŸ‡ºğŸ‡²ğŸ‡¦ğŸ‡±ğŸ‡¸ğŸ‡½ğŸ‡°ğŸ‡²ğŸ‡¸ğŸ‡²ğŸ‡¦ğŸ‡±ğŸ‡»ğŸ‡²ğŸ‡©ğŸ‡±ğŸ‡»ğŸ‡±ğŸ‡¹ğŸ‡³ğŸ‡·ğŸ‡³ğŸ‡µğŸ‡³ğŸ‡µğŸ‡³ğŸ‡µğŸ‡²ğŸ‡·ğŸ‡³ğŸ‡µğŸ‡²ğŸ‡·ğŸ‡³ğŸ‡µğŸ‡²ğŸ‡·ğŸ‡³ğŸ‡·ğŸ‡²ğŸ‡·ğŸ‡³ğŸ‡¦ğŸ‡²ğŸ‡ºğŸ‡³ğŸ‡¦ğŸ‡³ğŸ‡¦ğŸ‡³ğŸ‡¦ğŸ‡³ğŸ‡·ğŸ‡²ğŸ‡©ğŸ‡²ğŸ‡©ğŸ‡²ğŸ‡°ğŸ‡«ğŸ‡²ğŸ‡²ğŸ‡°ğŸ‡«ğŸ‡²ğŸ‡²ğŸ‡µğŸ‡³ğŸ‡ºğŸ‡³ğŸ‡¨ğŸ‡²ğŸ‡½ğŸ‡²ğŸ‡½ğŸ‡²ğŸ‡¨ğŸ‡²ğŸ‡²ğŸ‡²ğŸ‡¨ğŸ‡²ğŸ‡¨ğŸ‡²ğŸ‡ºğŸ‡³ğŸ‡ªğŸ‡³ğŸ‡ªğŸ‡¾ğŸ‡ªğŸ‡¾ğŸ‡ªğŸ‡¿ğŸ‡²ğŸ‡¿ğŸ‡²ğŸ‡¿ğŸ‡¼ğŸ‡¿ğŸ‡¼ğŸ‡»ğŸ‡³ğŸ‡»ğŸ‡³ğŸ‡»ğŸ‡³ğŸ‡¼ğŸ‡«ğŸ‡¼ğŸ‡«ğŸ‡ªğŸ‡­ğŸ‡»ğŸ‡ºğŸ‡»ğŸ‡ºğŸ‡ºğŸ‡¿ğŸ‡ºğŸ‡¾ğŸ‡ºğŸ‡¾ğŸ‡ºğŸ‡¸ğŸ‡»ğŸ‡ªğŸ‡»ğŸ‡ªğŸ‡»ğŸ‡¦ğŸ´ó §ó ¢ó ·ó ¬ó ³ó ¿ğŸ´ó §ó ¢ó ·ó ¬ó ³ó ¿ğŸ‡ºğŸ‡¦ğŸ‡¦ğŸ‡ªğŸ‡¬ğŸ‡§ğŸ´ó §ó ¢ó ¥ó ®ó §ó ¿ğŸ´ó §ó ¢ó ¥ó ®ó §ó ¿ğŸ´ó §ó ¢ó ³ó £ó ´ó ¿ğŸ‡ºğŸ‡¬ğŸ‡ºğŸ‡¬ğŸ‡»ğŸ‡®ğŸ‡¹ğŸ‡»ğŸ‡¹ğŸ‡»ğŸ‡¹ğŸ‡¨ğŸ‡¹ğŸ‡²ğŸ‡¹ğŸ‡°ğŸ‡¹ğŸ‡´ğŸ‡¹ğŸ‡´ğŸ‡¹ğŸ‡³ğŸ‡¹ğŸ‡·ğŸ‡¹ğŸ‡·ğŸ‡¹ğŸ‡¬ğŸ‡¹ğŸ‡±ğŸ‡¹ğŸ‡±ğŸ‡¹ğŸ‡¿ğŸ‡¹ğŸ‡¯ğŸ‡¹ğŸ‡¯ğŸ‡¸ğŸ‡·ğŸ‡¸ğŸ‡ªğŸ‡¨ğŸ‡­ğŸ‡¨ğŸ‡­ğŸ‡¸ğŸ‡¾ğŸ‡¹ğŸ‡¼ğŸ‡¸ğŸ‡©ğŸ‡¸ğŸ‡©ğŸ‡¸ğŸ‡©ğŸ‡»ğŸ‡¨ğŸ‡»ğŸ‡¨ğŸ‡µğŸ‡²ğŸ‡µğŸ‡²ğŸ‡±ğŸ‡¨ğŸ‡±ğŸ‡¨ğŸ‡°ğŸ‡³ğŸ‡°ğŸ‡³ğŸ‡°ğŸ‡³ğŸ‡°ğŸ‡³ğŸ‡¸ğŸ‡¸ğŸ‡¸ğŸ‡¸ğŸ‡ªğŸ‡¸ğŸ‡ªğŸ‡¸ğŸ‡±ğŸ‡°ğŸ‡±ğŸ‡°ğŸ‡§ğŸ‡±ğŸ‡§ğŸ‡±ğŸ‡¸ğŸ‡­ğŸ‡°ğŸ‡·ğŸ‡¿ğŸ‡¦ğŸ‡¿ğŸ‡¦ğŸ‡¿ğŸ‡¦ğŸ‡¸ğŸ‡´ğŸ‡¸ğŸ‡´ğŸ‡¸ğŸ‡´ğŸ‡¸ğŸ‡§ğŸ‡¸ğŸ‡§ğŸ‡¸ğŸ‡§ğŸ‡¸ğŸ‡§ ğŸ‡¸ğŸ‡ªğŸ‡¨ğŸ‡­ğŸ‡¨ğŸ‡­ğŸ‡¸ğŸ‡¾ğŸ‡¹ğŸ‡¼ğŸ‡¸ğŸ‡©ğŸ‡¸ğŸ‡©ğŸ‡¸ğŸ‡©ğŸ‡»ğŸ‡¨ğŸ‡»ğŸ‡¨ğŸ‡µğŸ‡²ğŸ‡µğŸ‡²ğŸ‡±ğŸ‡¨ğŸ‡±ğŸ‡¨ğŸ‡°ğŸ‡³ğŸ‡°ğŸ‡³ğŸ‡°ğŸ‡³ğŸ‡°ğŸ‡³ğŸ‡¸ğŸ‡¸ğŸ‡¸ğŸ‡¸ğŸ‡ªğŸ‡¸ğŸ‡ªğŸ‡¸ğŸ‡±ğŸ‡°ğŸ‡±ğŸ‡°ğŸ‡§ğŸ‡±ğŸ‡§ğŸ‡±ğŸ‡¸ğŸ‡­ğŸ‡°ğŸ‡·ğŸ‡¿ğŸ‡¦ğŸ‡¿ğŸ‡¦ğŸ‡¿ğŸ‡¦ğŸ‡¸ğŸ‡´ğŸ‡¸ğŸ‡´ğŸ‡¸ğŸ‡´ğŸ‡¸ğŸ‡§ğŸ‡¸ğŸ‡§ğŸ‡¸ğŸ‡§ğŸ‡¸ğŸ‡§ğŸ‡»ğŸ‡¨ğŸ‡§ğŸ‡±ğŸ‡¹ğŸ‡¨ğŸ‡±ğŸ‡°ğŸ‡¦ğŸ‡ªğŸ‡ªğŸ‡¸ğŸ‡¦ğŸ‡ªğŸ‡¦ğŸ‡ªğŸ‡ªğŸ‡¸ğŸ‡¹ğŸ‡¹ğŸ‡¹ğŸ‡³ğŸ‡¹ğŸ‡³ğŸ‡¹ğŸ‡¹ğŸ‡¹ğŸ‡¹ğŸ‡¹ğŸ‡±ğŸ‡¨ğŸ‡­ğŸ‡¸ğŸ‡´ğŸ‡¨ğŸ‡­ğŸ‡¸ğŸ‡ªğŸ‡¬ğŸ‡¸ğŸ‡¬ğŸ‡¸ğŸ‡¬ğŸ‡¸ğŸ‡¬ğŸ‡¸ğŸ‡¬ğŸ‡¸ğŸ‡¬ğŸ‡¸ğŸ‡¬ğŸ‡¸ğŸ‡¬ğŸ‡¸ğŸ‡¬ğŸ‡¸ğŸ‡¬ğŸ‡¸ğŸ‡¬ğŸ‡¸ğŸ‡¬ğŸ‡¸ğŸ‡¬ğŸ‡¸ ğŸ‡¦ğŸ‡´ğŸ‡¦ğŸ‡¼ğŸ‡¦ğŸ‡²ğŸ‡¦ğŸ‡·ğŸ‡¦ğŸ‡¬ğŸ‡¦ğŸ‡¬ğŸ‡¦ğŸ‡¬ğŸ‡¦ğŸ‡¶ğŸ‡¦ğŸ‡¶ğŸ‡¦ğŸ‡¶ğŸ‡§ğŸ‡©ğŸ‡§ğŸ‡©ğŸ‡¦ğŸ‡ºğŸ‡¦ğŸ‡ºğŸ‡§ğŸ‡©ğŸ‡§ğŸ‡¯ğŸ‡§ğŸ‡¯ğŸ‡§ğŸ‡²ğŸ‡§ğŸ‡§ğŸ‡§ğŸ‡¾ğŸ‡§ğŸ‡¸ğŸ‡§ğŸ‡¸ğŸ‡§ğŸ‡¸ğŸ‡¦ğŸ‡¿ğŸ‡§ğŸ‡¸ğŸ‡§ğŸ‡¸ğŸ‡§ğŸ‡­ğŸ‡§ğŸ‡¿ğŸ‡§ğŸ‡¿ğŸ‡§ğŸ‡¦ğŸ‡§ğŸ‡¹ğŸ‡§ğŸ‡²ğŸ‡§ğŸ‡¯ğŸ‡§ğŸ‡¯ğŸ‡§ğŸ‡²ğŸ‡§ğŸ‡¬ğŸ‡§ğŸ‡«ğŸ‡®ğŸ‡´ğŸ‡§ğŸ‡«ğŸ‡®ğŸ‡´ğŸ‡§ğŸ‡«ğŸ‡»ğŸ‡¬ğŸ‡§ğŸ‡«ğŸ‡®ğŸ‡¨ğŸ‡¨ğŸ‡¨ğŸ‡°ğŸ‡­ğŸ‡®ğŸ‡´ğŸ‡§ğŸ‡´ğŸ‡§ğŸ‡´ğŸ‡®ğŸ‡¨ğŸ‡®ğŸ‡´ğŸ‡¨ğŸ‡¦ğŸ‡§ğŸ‡¬ğŸ‡§ğŸ‡«ğŸ‡§ğŸ‡´ğŸ‡®ğŸ‡¨ğŸ‡§ğŸ‡´ğŸ‡¨ğŸ‡¦ğŸ‡¨ğŸ‡¦ğŸ‡¨ğŸ‡¦ğŸ‡¨ğŸ‡¦ğŸ‡¨ğŸ‡¦ğŸ‡§ğŸ‡ªğŸ‡§ğŸ‡¬ğŸ‡§ğŸ‡ªğŸ‡¨ğŸ‡¦ğŸ‡§ğŸ‡ªğŸ‡§ğŸ‡¾ğŸ‡§ğŸ‡²ğŸ‡§ğŸ‡®ğŸ‡§ğŸ‡¶ğŸ‡§ğŸ‡¶ğŸ‡¨ğŸ‡©ğŸ‡©ğŸ‡¯ğŸ‡©ğŸ‡´ğŸ‡­ğŸ‡·ğŸ‡°ğŸ‡²ğŸ‡¨ğŸ‡®ğŸ‡¨ğŸ‡¾ğŸ‡¨ğŸ‡¿ğŸ‡¨ğŸ‡´ğŸ‡¨ğŸ‡¿ğŸ‡ªğŸ‡¨ğŸ‡¨ğŸ‡´ğŸ‡ªğŸ‡ªğŸ‡¨ğŸ‡»ğŸ‡ªğŸ‡·ğŸ‡¨ğŸ‡»ğŸ‡ªğŸ‡·ğŸ‡©ğŸ‡²ğŸ‡§ğŸ‡¶ğŸ‡©ğŸ‡²ğŸ‡°ğŸ‡²ğŸ‡©ğŸ‡´ğŸ‡¨ğŸ‡¬ğŸ‡ªğŸ‡¨ğŸ‡¨ğŸ‡¬ğŸ‡ªğŸ‡¬ğŸ‡¨ğŸ‡®ğŸ‡¬ğŸ‡©ğŸ‡ªğŸ‡ºğŸ‡ªğŸ‡ºğŸ‡«ğŸ‡°ğŸ‡«ğŸ‡°ğŸ‡¬ğŸ‡±ğŸ‡¬ğŸ‡·ğŸ‡¬ğŸ‡±ğŸ‡¬ğŸ‡¹ğŸ‡¬ğŸ‡¬ğŸ‡¬ğŸ‡¬ğŸ‡«ğŸ‡´ğŸ‡¬ğŸ‡¬ğŸ‡«ğŸ‡´ğŸ‡¨ğŸ‡³ğŸ‡°ğŸ‡¬ğŸ‡°ğŸ‡¬ğŸ‡°ğŸ‡¬ğŸ‡°ğŸ‡¬ğŸ‡°ğŸ‡¬ğŸ‡¯ğŸ‡²ğŸ‡°ğŸ‡ªğŸ‡¯ğŸ‡²ğŸ‡±ğŸ‡¦ğŸ‡¯ğŸ‡²ğŸ‡¯ğŸ‡²ğŸ‡±ğŸ‡»ğŸ‡½ğŸ‡°ğŸ‡®ğŸ‡¶ğŸ‡®ğŸ‡©ğŸ‡±ğŸ‡¸ğŸ‡±ğŸ‡§ğŸ‡¾ğŸ‡¹ğŸ‡¾ğŸ‡¹ğŸ‡¾ğŸ‡¹ğŸŒğŸ‡±ğŸ‡ºğŸ‡²ğŸ‡ºğŸ‡²ğŸ‡©ğŸ‡²ğŸ‡´ğŸ‡²ğŸ‡¸ğŸ‡²ğŸ‡¸ğŸ‡²ğŸ‡´ğŸ‡²ğŸ‡»ğŸ‡²ğŸ‡ªğŸ‡²ğŸ‡¦ğŸ‡²ğŸ‡¿ğŸ‡±ğŸ‡§ğŸ‡²ğŸ‡¿ğŸ‡²ğŸ‡¿ğŸ‡±ğŸ‡·ğŸ‡±ğŸ‡ºğŸ‡²ğŸ‡¿ğŸ‡²ğŸ‡¿ğŸ‡²ğŸ‡¦ğŸ‡±ğŸ‡ºğŸ‡²ğŸ‡¦ğŸ‡±ğŸ‡¸ğŸ‡½ğŸ‡°ğŸ‡²ğŸ‡¸ğŸ‡²ğŸ‡¦ğŸ‡±ğŸ‡»ğŸ‡²ğŸ‡©ğŸ‡±ğŸ‡»ğŸ‡±ğŸ‡¹ğŸ‡³ğŸ‡·ğŸ‡³ğŸ‡µğŸ‡³ğŸ‡µğŸ‡³ğŸ‡µğŸ‡²ğŸ‡·ğŸ‡³ğŸ‡µğŸ‡²ğŸ‡·ğŸ‡³ğŸ‡µğŸ‡²ğŸ‡·ğŸ‡³ğŸ‡·ğŸ‡²ğŸ‡·ğŸ‡³ğŸ‡¦ğŸ‡²ğŸ‡ºğŸ‡³ğŸ‡¦ğŸ‡³ğŸ‡¦ğŸ‡³ğŸ‡¦ğŸ‡³ğŸ‡·ğŸ‡²ğŸ‡©ğŸ‡²ğŸ‡©ğŸ‡²ğŸ‡°ğŸ‡«ğŸ‡²ğŸ‡²ğŸ‡°ğŸ‡«ğŸ‡²ğŸ‡²ğŸ‡µğŸ‡³ğŸ‡ºğŸ‡³ğŸ‡¨ğŸ‡²ğŸ‡½ğŸ‡²ğŸ‡½ğŸ‡²ğŸ‡¨ğŸ‡²ğŸ‡²ğŸ‡²ğŸ‡¨ğŸ‡²ğŸ‡¨ğŸ‡²ğŸ‡ºğŸ‡³ğŸ‡ªğŸ‡³ğŸ‡ªğŸ‡¾ğŸ‡ªğŸ‡¾ğŸ‡ªğŸ‡¿ğŸ‡²ğŸ‡¿ğŸ‡²ğŸ‡¿ğŸ‡¼ğŸ‡¿ğŸ‡¼ğŸ‡»ğŸ‡³ğŸ‡»ğŸ‡³ğŸ‡»ğŸ‡³ğŸ‡¼ğŸ‡«ğŸ‡¼ğŸ‡«ğŸ‡ªğŸ‡­ğŸ‡»ğŸ‡ºğŸ‡»ğŸ‡ºğŸ‡ºğŸ‡¿ğŸ‡ºğŸ‡¾ğŸ‡ºğŸ‡¾ğŸ‡ºğŸ‡¸ğŸ‡»ğŸ‡ªğŸ‡»ğŸ‡ªğŸ‡»ğŸ‡¦ğŸ´ó §ó ¢ó ·ó ¬ó ³ó ¿ğŸ´ó §ó ¢ó ·ó ¬ó ³ó ¿ğŸ‡ºğŸ‡¦ğŸ‡¦ğŸ‡ªğŸ‡¬ğŸ‡§ğŸ´ó §ó ¢ó ¥ó ®ó §ó ¿ğŸ´ó §ó ¢ó ¥ó ®ó §ó ¿ğŸ´ó §ó ¢ó ³ó £ó ´ó ¿ğŸ‡ºğŸ‡¬ğŸ‡ºğŸ‡¬ğŸ‡»ğŸ‡®ğŸ‡¹ğŸ‡»ğŸ‡¹ğŸ‡»ğŸ‡¹ğŸ‡¨ğŸ‡¹ğŸ‡²ğŸ‡¹ğŸ‡°ğŸ‡¹ğŸ‡´ğŸ‡¹ğŸ‡´ğŸ‡¹ğŸ‡³ğŸ‡¹ğŸ‡·ğŸ‡¹ğŸ‡·ğŸ‡¹ğŸ‡¬ğŸ‡¹ğŸ‡±ğŸ‡¹ğŸ‡±ğŸ‡¹ğŸ‡¿ğŸ‡¹ğŸ‡¯ğŸ‡¹ğŸ‡¯ğŸ‡¸ğŸ‡·ğŸ‡¸ğŸ‡ªğŸ‡¨ğŸ‡­ğŸ‡¨ğŸ‡­ğŸ‡¸ğŸ‡¾ğŸ‡¹ğŸ‡¼ğŸ‡¸ğŸ‡©ğŸ‡¸ğŸ‡©ğŸ‡¸ğŸ‡©ğŸ‡»ğŸ‡¨ğŸ‡»ğŸ‡¨ğŸ‡µğŸ‡²ğŸ‡µğŸ‡²ğŸ‡±ğŸ‡¨ğŸ‡±ğŸ‡¨ğŸ‡°ğŸ‡³ğŸ‡°ğŸ‡³ğŸ‡°ğŸ‡³ğŸ‡°ğŸ‡³ğŸ‡¸ğŸ‡¸ğŸ‡¸ğŸ‡¸ğŸ‡ªğŸ‡¸ğŸ‡ªğŸ‡¸ğŸ‡±ğŸ‡°ğŸ‡±ğŸ‡°ğŸ‡§ğŸ‡±ğŸ‡§ğŸ‡±ğŸ‡¸ğŸ‡­ğŸ‡°ğŸ‡·ğŸ‡¿ğŸ‡¦ğŸ‡¿ğŸ‡¦ğŸ‡¿ğŸ‡¦ğŸ‡¸ğŸ‡´ğŸ‡¸ğŸ‡´ğŸ‡¸ğŸ‡´ğŸ‡¸ğŸ‡§ğŸ‡¸ğŸ‡§ğŸ‡¸ğŸ‡§ğŸ‡¸ğŸ‡§ ğŸ‡¸ğŸ‡ªğŸ‡¨ğŸ‡­ğŸ‡¨ğŸ‡­ğŸ‡¸ğŸ‡¾ğŸ‡¹ğŸ‡¼ğŸ‡¸ğŸ‡©ğŸ‡¸ğŸ‡©ğŸ‡¸ğŸ‡© ğŸ‡¨ğŸ‡­ğŸ‡¨ğŸ‡­ğŸ‡¨ğŸ‡­ğŸ‡¨ğŸ‡­ğŸ‡¨ğŸ‡­ğŸ‡¨ğŸ‡­ğŸ‡¨ğŸ‡­ğŸ‡¨ğŸ‡­ğŸ‡¨ğŸ‡­ğŸ‡¨ğŸ‡­ğŸ‡¨ğŸ‡­ ğŸ‡¦ğŸ‡´ğŸ‡¦ğŸ‡¼ğŸ‡¦ğŸ‡²ğŸ‡¦ğŸ‡·ğŸ‡¦ğŸ‡¬ğŸ‡¦ğŸ‡¬ğŸ‡¦ğŸ‡¬ğŸ‡¦ğŸ‡¶ğŸ‡¦ğŸ‡¶ğŸ‡¦ğŸ‡¶ğŸ‡§ğŸ‡©ğŸ‡§ğŸ‡©ğŸ‡¦ğŸ‡ºğŸ‡¦ğŸ‡ºğŸ‡§ğŸ‡©ğŸ‡§ğŸ‡¯ğŸ‡§ğŸ‡¯ğŸ‡§ğŸ‡²ğŸ‡§ğŸ‡§ğŸ‡§ğŸ‡¾ğŸ‡§ğŸ‡¸ğŸ‡§ğŸ‡¸ğŸ‡§ğŸ‡¸ğŸ‡¦ğŸ‡¿ğŸ‡§ğŸ‡¸ğŸ‡§ğŸ‡¸ğŸ‡§ğŸ‡­ğŸ‡§ğŸ‡¿ğŸ‡§ğŸ‡¿ğŸ‡§ğŸ‡¦ğŸ‡§ğŸ‡¹ğŸ‡§ğŸ‡²ğŸ‡§ğŸ‡¯ğŸ‡§ğŸ‡¯ğŸ‡§ğŸ‡²ğŸ‡§ğŸ‡¬ğŸ‡§ğŸ‡«ğŸ‡®ğŸ‡´ğŸ‡§ğŸ‡«ğŸ‡®ğŸ‡´ğŸ‡§ğŸ‡«ğŸ‡»ğŸ‡¬ğŸ‡§ğŸ‡«ğŸ‡®ğŸ‡¨ğŸ‡¨ğŸ‡¨ğŸ‡°ğŸ‡­ğŸ‡®ğŸ‡´ğŸ‡§ğŸ‡´ğŸ‡§ğŸ‡´ğŸ‡®ğŸ‡¨ğŸ‡®ğŸ‡´ğŸ‡¨ğŸ‡¦ğŸ‡§ğŸ‡¬ğŸ‡§ğŸ‡«ğŸ‡§ğŸ‡´ğŸ‡®ğŸ‡¨ğŸ‡§ğŸ‡´ğŸ‡¨ğŸ‡¦ğŸ‡¨ğŸ‡¦ğŸ‡¨ğŸ‡¦ğŸ‡¨ğŸ‡¦ğŸ‡¨ğŸ‡¦ğŸ‡§ğŸ‡ªğŸ‡§ğŸ‡¬ğŸ‡§ğŸ‡ªğŸ‡¨ğŸ‡¦ğŸ‡§ğŸ‡ªğŸ‡§ğŸ‡¾ğŸ‡§ğŸ‡²ğŸ‡§ğŸ‡®ğŸ‡§ğŸ‡¶ğŸ‡§ğŸ‡¶ğŸ‡¨ğŸ‡©ğŸ‡©ğŸ‡¯ğŸ‡©ğŸ‡´ğŸ‡­ğŸ‡·ğŸ‡°ğŸ‡²ğŸ‡¨ğŸ‡®ğŸ‡¨ğŸ‡¾ğŸ‡¨ğŸ‡¿ğŸ‡¨ğŸ‡´ğŸ‡¨ğŸ‡¿ğŸ‡ªğŸ‡¨ğŸ‡¨ğŸ‡´ğŸ‡ªğŸ‡ªğŸ‡¨ğŸ‡»ğŸ‡ªğŸ‡·ğŸ‡¨ğŸ‡»ğŸ‡ªğŸ‡·ğŸ‡©ğŸ‡²ğŸ‡§ğŸ‡¶ğŸ‡©ğŸ‡²ğŸ‡°ğŸ‡²ğŸ‡©ğŸ‡´ğŸ‡¨ğŸ‡¬ğŸ‡ªğŸ‡¨ğŸ‡¨ğŸ‡¬ğŸ‡ªğŸ‡¬ğŸ‡¨ğŸ‡®ğŸ‡¬ğŸ‡©ğŸ‡ªğŸ‡ºğŸ‡ªğŸ‡ºğŸ‡«ğŸ‡°ğŸ‡«ğŸ‡°ğŸ‡¬ğŸ‡±ğŸ‡¬ğŸ‡·ğŸ‡¬ğŸ‡±ğŸ‡¬ğŸ‡¹ğŸ‡¬ğŸ‡¬ğŸ‡¬ğŸ‡¬ğŸ‡«ğŸ‡´ğŸ‡¬ğŸ‡¬ğŸ‡«ğŸ‡´ğŸ‡¨ğŸ‡³ğŸ‡°ğŸ‡¬ğŸ‡°ğŸ‡¬ğŸ‡°ğŸ‡¬ğŸ‡°ğŸ‡¬ğŸ‡°ğŸ‡¬ğŸ‡¯ğŸ‡²ğŸ‡°ğŸ‡ªğŸ‡¯ğŸ‡²ğŸ‡±ğŸ‡¦ğŸ‡¯ğŸ‡²ğŸ‡¯ğŸ‡²ğŸ‡±ğŸ‡»ğŸ‡½ğŸ‡°ğŸ‡®ğŸ‡¶ğŸ‡®ğŸ‡©ğŸ‡±ğŸ‡¸ğŸ‡±ğŸ‡§ğŸ‡¾ğŸ‡¹ğŸ‡¾ğŸ‡¹ğŸ‡¾ğŸ‡¹ğŸŒğŸ‡±ğŸ‡ºğŸ‡²ğŸ‡ºğŸ‡²ğŸ‡©ğŸ‡²ğŸ‡´ğŸ‡²ğŸ‡¸ğŸ‡²ğŸ‡¸ğŸ‡²ğŸ‡´ğŸ‡²ğŸ‡»ğŸ‡²ğŸ‡ªğŸ‡²ğŸ‡¦ğŸ‡²ğŸ‡¿ğŸ‡±ğŸ‡§ğŸ‡²ğŸ‡¿ğŸ‡²ğŸ‡¿ğŸ‡±ğŸ‡·ğŸ‡±ğŸ‡ºğŸ‡²ğŸ‡¿ğŸ‡²ğŸ‡¿ğŸ‡²ğŸ‡¦ğŸ‡±ğŸ‡ºğŸ‡²ğŸ‡¦ğŸ‡±ğŸ‡¸ğŸ‡½ğŸ‡°ğŸ‡²ğŸ‡¸ğŸ‡²ğŸ‡¦ğŸ‡±ğŸ‡»ğŸ‡²ğŸ‡©ğŸ‡±ğŸ‡»ğŸ‡±ğŸ‡¹ğŸ‡³ğŸ‡·ğŸ‡³ğŸ‡µğŸ‡³ğŸ‡µğŸ‡³ğŸ‡µğŸ‡²ğŸ‡·ğŸ‡³ğŸ‡µğŸ‡²ğŸ‡·ğŸ‡³ğŸ‡µğŸ‡²ğŸ‡·ğŸ‡³ğŸ‡·ğŸ‡²ğŸ‡·ğŸ‡³ğŸ‡¦ğŸ‡²ğŸ‡ºğŸ‡³ğŸ‡¦ğŸ‡³ğŸ‡¦ğŸ‡³ğŸ‡¦ğŸ‡³ğŸ‡·ğŸ‡²ğŸ‡©ğŸ‡²ğŸ‡©ğŸ‡²ğŸ‡°ğŸ‡«ğŸ‡²ğŸ‡²ğŸ‡°ğŸ‡«ğŸ‡²ğŸ‡²ğŸ‡µğŸ‡³ğŸ‡ºğŸ‡³ğŸ‡¨ğŸ‡²ğŸ‡½ğŸ‡²ğŸ‡½ğŸ‡²ğŸ‡¨ğŸ‡²ğŸ‡²ğŸ‡²ğŸ‡¨ğŸ‡²ğŸ‡¨ğŸ‡²ğŸ‡ºğŸ‡³ğŸ‡ªğŸ‡³ğŸ‡ªğŸ‡¾ğŸ‡ªğŸ‡¾ğŸ‡ªğŸ‡¿ğŸ‡²ğŸ‡¿ğŸ‡²ğŸ‡¿ğŸ‡¼ğŸ‡¿ğŸ‡¼ğŸ‡»ğŸ‡³ğŸ‡»ğŸ‡³ğŸ‡»ğŸ‡³ğŸ‡¼ğŸ‡«ğŸ‡¼ğŸ‡«ğŸ‡ªğŸ‡­ğŸ‡»ğŸ‡ºğŸ‡»ğŸ‡ºğŸ‡ºğŸ‡¿ğŸ‡ºğŸ‡¾ğŸ‡ºğŸ‡¾ğŸ‡ºğŸ‡¸ğŸ‡»ğŸ‡ªğŸ‡»ğŸ‡ªğŸ‡»ğŸ‡¦ğŸ´ó §ó ¢ó ·ó ¬ó ³ó ¿ğŸ´ó §ó ¢ó ·ó ¬ó ³ó ¿ğŸ‡ºğŸ‡¦ğŸ‡¦ğŸ‡ªğŸ‡¬ğŸ‡§ğŸ´ó §ó ¢ó ¥ó ®ó §ó ¿ğŸ´ó §ó ¢ó ¥ó ®ó §ó ¿ğŸ´ó §ó ¢ó ³ó £ó ´ó ¿ğŸ‡ºğŸ‡¬ğŸ‡ºğŸ‡¬ğŸ‡»ğŸ‡®ğŸ‡¹ğŸ‡»ğŸ‡¹ğŸ‡»ğŸ‡¹ğŸ‡¨ğŸ‡¹ğŸ‡²ğŸ‡¹ğŸ‡°ğŸ‡¹ğŸ‡´ğŸ‡¹ğŸ‡´ğŸ‡¹ğŸ‡³ğŸ‡¹ğŸ‡·ğŸ‡¹ğŸ‡·ğŸ‡¹ğŸ‡¬ğŸ‡¹ğŸ‡±ğŸ‡¹ğŸ‡±ğŸ‡¹ğŸ‡¿ğŸ‡¹ğŸ‡¯ğŸ‡¹ğŸ‡¯ğŸ‡¸ğŸ‡·ğŸ‡¸ğŸ‡ªğŸ‡¨ğŸ‡­ğŸ‡¨ğŸ‡­ğŸ‡¸ğŸ‡¾ğŸ‡¹ğŸ‡¼ğŸ‡¸ğŸ‡©ğŸ‡¸ğŸ‡©ğŸ‡¸ğŸ‡©ğŸ‡»ğŸ‡¨ğŸ‡»ğŸ‡¨ğŸ‡µğŸ‡²ğŸ‡µğŸ‡²ğŸ‡±ğŸ‡¨ğŸ‡±ğŸ‡¨ğŸ‡°ğŸ‡³ğŸ‡°ğŸ‡³ğŸ‡°ğŸ‡³ğŸ‡°ğŸ‡³ğŸ‡¸ğŸ‡¸ğŸ‡¸ğŸ‡¸ğŸ‡ªğŸ‡¸ğŸ‡ªğŸ‡¸ğŸ‡±ğŸ‡°ğŸ‡±ğŸ‡°ğŸ‡§ğŸ‡±ğŸ‡§ğŸ‡±ğŸ‡¸ğŸ‡­ğŸ‡°ğŸ‡·ğŸ‡¿ğŸ‡¦ğŸ‡¿ğŸ‡¦ğŸ‡¿ğŸ‡¦ğŸ‡¸ğŸ‡´ğŸ‡¸ğŸ‡´ğŸ‡¸ğŸ‡´ğŸ‡¸ğŸ‡§ğŸ‡¸ğŸ‡§ğŸ‡¸ğŸ‡§ğŸ‡¸ğŸ‡§ ğŸ‡¸ğŸ‡ªğŸ‡¨ğŸ‡­ğŸ‡¨ğŸ‡­ğŸ‡¸ğŸ‡¾ğŸ‡¹ğŸ‡¼ğŸ‡¸ğŸ‡©ğŸ‡¸ğŸ‡©ğŸ‡¸ğŸ‡© ğŸ‡¹ğŸ‡´ğŸ‡±ğŸ‡¨ğŸ‡¹ğŸ‡¹ğŸ‡µğŸ‡²ğŸ‡¹ğŸ‡¹ğŸ‡µğŸ‡²ğŸ‡¹ğŸ‡¹ğŸ‡¹ğŸ‡¹ğŸ‡¹ğŸ‡³ğŸ‡¹ğŸ‡¹ğŸ‡»ğŸ‡¨ğŸ‡¹ğŸ‡¹ğŸ‡¹ğŸ‡¹ğŸ‡»ğŸ‡¨ğŸ‡¹ğŸ‡¹ğŸ‡¹ğŸ‡¹ğŸ‡µğŸ‡²ğŸ‡¹ğŸ‡±ğŸ‡µğŸ‡²ğŸ‡±ğŸ‡°ğŸ‡ªğŸ‡¸ğŸ‡ªğŸ‡¸ğŸ‡ªğŸ‡¸ğŸ‡ªğŸ‡¸ğŸ‡ªğŸ‡¸ğŸ‡ªğŸ‡¸ğŸ‡ªğŸ‡¸ğŸ‡ªğŸ‡¸ğŸ‡ªğŸ‡¸ğŸ‡ªğŸ‡¸ğŸ‡ªğŸ‡¸ğŸ‡ªğŸ‡¸ğŸ‡ªğŸ‡¸ğŸ‡ªğŸ‡¸ğŸ‡ªğŸ‡¸ğŸ‡ªğŸ‡¸ğŸ‡¬ğŸ‡¸ğŸ‡¬ğŸ‡¸ğŸ‡¬ğŸ‡¸ğŸ‡¬ğŸ‡¸ğŸ‡¬ğŸ‡¸ğŸ‡¬ğŸ‡¸ğŸ‡¬ğŸ‡¸ğŸ‡¬ğŸ‡¸ğŸ‡¸ğŸ‡­ğŸ‡¸ğŸ‡­ğŸ‡¸ğŸ‡­ğŸ‡¸ğŸ‡­ğŸ‡¸ğŸ‡­ğŸ‡¸ğŸ‡­ğŸ‡¸ğŸ‡­ğŸ‡¸ğŸ‡­ğŸ‡¸ğŸ‡­ğŸ‡¸ğŸ‡­ğŸ‡¸ğŸ‡­ğŸ‡¿ğŸ‡¦ğŸ‡¿ğŸ‡¦ğŸ‡¿ğŸ‡¦ğŸ‡¿ğŸ‡¦ğŸ‡¿ğŸ‡¦ğŸ‡¿ğŸ‡¦ğŸ‡¿ğŸ‡¦ğŸ‡¿ğŸ‡¦ğŸ‡¿ğŸ‡¦ğŸ‡·ğŸ‡ºğŸ‡·ğŸ‡¼ğŸ‡·ğŸ‡¼ğŸ‡·ğŸ‡¼ğŸ‡·ğŸ‡¼ğŸ‡µğŸ‡±ğŸ‡µğŸ‡±ğŸ‡µğŸ‡±ğŸ‡µğŸ‡±ğŸ‡µğŸ‡±ğŸ‡³ğŸ‡µğŸ‡³ğŸ‡µğŸ‡³ğŸ‡µğŸ‡³ğŸ‡µ ğŸ‡¦ğŸ‡´ğŸ‡¦ğŸ‡¼ğŸ‡¦ğŸ‡²ğŸ‡¦ğŸ‡·ğŸ‡¦ğŸ‡¬ğŸ‡¦ğŸ‡¬ğŸ‡¦ğŸ‡¬ğŸ‡¦ğŸ‡¶ğŸ‡¦ğŸ‡¶ğŸ‡¦ğŸ‡¶ğŸ‡§ğŸ‡©ğŸ‡§ğŸ‡©ğŸ‡¦ğŸ‡ºğŸ‡¦ğŸ‡ºğŸ‡§ğŸ‡©ğŸ‡§ğŸ‡¯ğŸ‡§ğŸ‡¯ğŸ‡§ğŸ‡²ğŸ‡§ğŸ‡§ğŸ‡§ğŸ‡¾ğŸ‡§ğŸ‡¸ğŸ‡§ğŸ‡¸ğŸ‡§ğŸ‡¸ğŸ‡¦ğŸ‡¿ğŸ‡§ğŸ‡¸ğŸ‡§ğŸ‡¸ğŸ‡§ğŸ‡­ğŸ‡§ğŸ‡¿ğŸ‡§ğŸ‡¿ğŸ‡§ğŸ‡¦ğŸ‡§ğŸ‡¹ğŸ‡§ğŸ‡²ğŸ‡§ğŸ‡¯ğŸ‡§ğŸ‡¯ğŸ‡§ğŸ‡²ğŸ‡§ğŸ‡¬ğŸ‡§ğŸ‡«ğŸ‡®ğŸ‡´ğŸ‡§ğŸ‡«ğŸ‡®ğŸ‡´ğŸ‡§ğŸ‡«ğŸ‡»ğŸ‡¬ğŸ‡§ğŸ‡«ğŸ‡®ğŸ‡¨ğŸ‡¨ğŸ‡¨ğŸ‡°ğŸ‡­ğŸ‡®ğŸ‡´ğŸ‡§ğŸ‡´ğŸ‡§ğŸ‡´ğŸ‡®ğŸ‡¨ğŸ‡®ğŸ‡´ğŸ‡¨ğŸ‡¦ğŸ‡§ğŸ‡¬ğŸ‡§ğŸ‡«ğŸ‡§ğŸ‡´ğŸ‡®ğŸ‡¨ğŸ‡§ğŸ‡´ğŸ‡¨ğŸ‡¦ğŸ‡¨ğŸ‡¦ğŸ‡¨ğŸ‡¦ğŸ‡¨ğŸ‡¦ğŸ‡¨ğŸ‡¦ğŸ‡§ğŸ‡ªğŸ‡§ğŸ‡¬ğŸ‡§ğŸ‡ªğŸ‡¨ğŸ‡¦ğŸ‡§ğŸ‡ªğŸ‡§ğŸ‡¾ğŸ‡§ğŸ‡²ğŸ‡§ğŸ‡®ğŸ‡§ğŸ‡¶ğŸ‡§ğŸ‡¶ğŸ‡¨ğŸ‡©ğŸ‡©ğŸ‡¯ğŸ‡©ğŸ‡´ğŸ‡­ğŸ‡·ğŸ‡°ğŸ‡²ğŸ‡¨ğŸ‡®ğŸ‡¨ğŸ‡¾ğŸ‡¨ğŸ‡¿ğŸ‡¨ğŸ‡´ğŸ‡¨ğŸ‡¿ğŸ‡ªğŸ‡¨ğŸ‡¨ğŸ‡´ğŸ‡ªğŸ‡ªğŸ‡¨ğŸ‡»ğŸ‡ªğŸ‡·ğŸ‡¨ğŸ‡»ğŸ‡ªğŸ‡·ğŸ‡©ğŸ‡²ğŸ‡§ğŸ‡¶ğŸ‡©ğŸ‡²ğŸ‡°ğŸ‡²ğŸ‡©ğŸ‡´ğŸ‡¨ğŸ‡¬ğŸ‡ªğŸ‡¨ğŸ‡¨ğŸ‡¬ğŸ‡ªğŸ‡¬ğŸ‡¨ğŸ‡®ğŸ‡¬ğŸ‡©ğŸ‡ªğŸ‡ºğŸ‡ªğŸ‡ºğŸ‡«ğŸ‡°ğŸ‡«ğŸ‡°ğŸ‡¬ğŸ‡±ğŸ‡¬ğŸ‡·ğŸ‡¬ğŸ‡±ğŸ‡¬ğŸ‡¹ğŸ‡¬ğŸ‡¬ğŸ‡¬ğŸ‡¬ğŸ‡«ğŸ‡´ğŸ‡¬ğŸ‡¬ğŸ‡«ğŸ‡´ğŸ‡¨ğŸ‡³ğŸ‡°ğŸ‡¬ğŸ‡°ğŸ‡¬ğŸ‡°ğŸ‡¬ğŸ‡°ğŸ‡¬ğŸ‡°ğŸ‡¬ğŸ‡¯ğŸ‡²ğŸ‡°ğŸ‡ªğŸ‡¯ğŸ‡²ğŸ‡±ğŸ‡¦ğŸ‡¯ğŸ‡²ğŸ‡¯ğŸ‡²ğŸ‡±ğŸ‡»ğŸ‡½ğŸ‡°ğŸ‡®ğŸ‡¶ğŸ‡®ğŸ‡©ğŸ‡±ğŸ‡¸ğŸ‡±ğŸ‡§ğŸ‡¾ğŸ‡¹ğŸ‡¾ğŸ‡¹ğŸ‡¾ğŸ‡¹ğŸŒğŸ‡±ğŸ‡ºğŸ‡²ğŸ‡ºğŸ‡²ğŸ‡©ğŸ‡²ğŸ‡´ğŸ‡²ğŸ‡¸ğŸ‡²ğŸ‡¸ğŸ‡²ğŸ‡´ğŸ‡²ğŸ‡»ğŸ‡²ğŸ‡ªğŸ‡²ğŸ‡¦ğŸ‡²ğŸ‡¿ğŸ‡±ğŸ‡§ğŸ‡²ğŸ‡¿ğŸ‡²ğŸ‡¿ğŸ‡±ğŸ‡·ğŸ‡±ğŸ‡ºğŸ‡²ğŸ‡¿ğŸ‡²ğŸ‡¿ğŸ‡²ğŸ‡¦ğŸ‡±ğŸ‡ºğŸ‡²ğŸ‡¦ğŸ‡±ğŸ‡¸ğŸ‡½ğŸ‡°ğŸ‡²ğŸ‡¸ğŸ‡²ğŸ‡¦ğŸ‡±ğŸ‡»ğŸ‡²ğŸ‡©ğŸ‡±ğŸ‡»ğŸ‡±ğŸ‡¹ğŸ‡³ğŸ‡·ğŸ‡³ğŸ‡µğŸ‡³ğŸ‡µğŸ‡³ğŸ‡µğŸ‡²ğŸ‡·ğŸ‡³ğŸ‡µğŸ‡²ğŸ‡·ğŸ‡³ğŸ‡µğŸ‡²ğŸ‡·ğŸ‡³ğŸ‡·ğŸ‡²ğŸ‡·ğŸ‡³ğŸ‡¦ğŸ‡²ğŸ‡ºğŸ‡³ğŸ‡¦ğŸ‡³ğŸ‡¦ğŸ‡³ğŸ‡¦ğŸ‡³ğŸ‡·ğŸ‡²ğŸ‡©ğŸ‡²ğŸ‡©ğŸ‡²ğŸ‡°ğŸ‡«ğŸ‡²ğŸ‡²ğŸ‡°ğŸ‡«ğŸ‡²ğŸ‡²ğŸ‡µğŸ‡³ğŸ‡ºğŸ‡³ğŸ‡¨ğŸ‡²ğŸ‡½ğŸ‡²ğŸ‡½ğŸ‡²ğŸ‡¨ğŸ‡²ğŸ‡²ğŸ‡²ğŸ‡¨ğŸ‡²ğŸ‡¨ğŸ‡²ğŸ‡ºğŸ‡³ğŸ‡ªğŸ‡³ğŸ‡ªğŸ‡¾ğŸ‡ªğŸ‡¾ğŸ‡ªğŸ‡¿ğŸ‡²ğŸ‡¿ğŸ‡²ğŸ‡¿ğŸ‡¼ğŸ‡¿ğŸ‡¼ğŸ‡»ğŸ‡³ğŸ‡»ğŸ‡³ğŸ‡»ğŸ‡³ğŸ‡¼ğŸ‡«ğŸ‡¼ğŸ‡«ğŸ‡ªğŸ‡­ğŸ‡»ğŸ‡ºğŸ‡»ğŸ‡ºğŸ‡ºğŸ‡¿ğŸ‡ºğŸ‡¾ğŸ‡ºğŸ‡¾ğŸ‡ºğŸ‡¸ğŸ‡»ğŸ‡ªğŸ‡»ğŸ‡ªğŸ‡»ğŸ‡¦ğŸ´ó §ó ¢ó ·ó ¬ó ³ó ¿ğŸ´ó §ó ¢ó ·ó ¬ó ³ó ¿ğŸ‡ºğŸ‡¦ğŸ‡¦ğŸ‡ªğŸ‡¬ğŸ‡§ğŸ´ó §ó ¢ó ¥ó ®ó §ó ¿ğŸ´ó §ó ¢ó ¥ó ®ó §ó ¿ğŸ´ó §ó ¢ó ³ó £ó ´ó ¿ğŸ‡ºğŸ‡¬ğŸ‡ºğŸ‡¬ğŸ‡»ğŸ‡®ğŸ‡¹ğŸ‡»ğŸ‡¹ğŸ‡»ğŸ‡¹ğŸ‡¨ğŸ‡¹ğŸ‡²ğŸ‡¹ğŸ‡°ğŸ‡¹ğŸ‡´ğŸ‡¹ğŸ‡´ğŸ‡¹ğŸ‡³ğŸ‡¹ğŸ‡·ğŸ‡¹ğŸ‡·ğŸ‡¹ğŸ‡¬ğŸ‡¹ğŸ‡±ğŸ‡¹ğŸ‡±ğŸ‡¹ğŸ‡¿ğŸ‡¹ğŸ‡¯ğŸ‡¹ğŸ‡¯ğŸ‡¸ğŸ‡·ğŸ‡¸ğŸ‡ªğŸ‡¨ğŸ‡­ğŸ‡¨ğŸ‡­ğŸ‡¸ğŸ‡¾ğŸ‡¹ğŸ‡¼ğŸ‡¸ğŸ‡©ğŸ‡¸ğŸ‡©ğŸ‡¸ğŸ‡©ğŸ‡»ğŸ‡¨ğŸ‡»ğŸ‡¨ğŸ‡µğŸ‡²ğŸ‡µğŸ‡²ğŸ‡±ğŸ‡¨ğŸ‡±ğŸ‡¨ğŸ‡°ğŸ‡³ğŸ‡°ğŸ‡³ğŸ‡°ğŸ‡³ğŸ‡°ğŸ‡³ğŸ‡¸ğŸ‡¸ğŸ‡¸ğŸ‡¸ğŸ‡ªğŸ‡¸ğŸ‡ªğŸ‡¸ğŸ‡±ğŸ‡°ğŸ‡±ğŸ‡°ğŸ‡§ğŸ‡±ğŸ‡§ğŸ‡±ğŸ‡¸ğŸ‡­ğŸ‡°ğŸ‡·ğŸ‡¿ğŸ‡¦ğŸ‡¿ğŸ‡¦ğŸ‡¿ğŸ‡¦ğŸ‡¸ğŸ‡´ğŸ‡¸ğŸ‡´ğŸ‡¸ğŸ‡´ğŸ‡¸ğŸ‡§ğŸ‡¸ğŸ‡§ğŸ‡¸ğŸ‡§ğŸ‡¸ğŸ‡§ ğŸ‡¸ğŸ‡ªğŸ‡¨ğŸ‡­ğŸ‡¨ğŸ‡­ğŸ‡¸ğŸ‡¾ğŸ‡¹ğŸ‡¼ğŸ‡¸ğŸ‡©ğŸ‡¸ğŸ‡©ğŸ‡¸ğŸ‡© ğŸ‡µğŸ‡¬ğŸ‡µğŸ‡¬ğŸ‡µğŸ‡¬ğŸ‡µğŸ‡¬ğŸ‡µğŸ‡¬ğŸ‡µğŸ‡¬ğŸ‡µğŸ‡¬ğŸ‡µğŸ‡¬ğŸ‡µğŸ‡¬ğŸ‡µğŸ‡¬ğŸ‡µğŸ‡¬ğŸ‡³ğŸ‡ªğŸ‡³ğŸ‡ªğŸ‡·ğŸ‡¼ğŸ‡³ğŸ‡ªğŸ‡µğŸ‡·ğŸ‡¶ğŸ‡¦ğŸ‡µğŸ‡­ğŸ‡²ğŸ‡°ğŸ‡²ğŸ‡µğŸ‡µğŸ‡­ğŸ‡²ğŸ‡µğŸ‡µğŸ‡ªğŸ‡²ğŸ‡µğŸ‡µğŸ‡¹ğŸ‡·ğŸ‡ºğŸ‡³ğŸ‡ªğŸ‡³ğŸ‡®ğŸ‡¸ğŸ‡³ğŸ‡¼ğŸ‡¸ğŸ‡¶ğŸ‡¦ğŸ‡°ğŸ‡µğŸ‡¶ğŸ‡¦ğŸ‡µğŸ‡·ğŸ‡µğŸ‡¦ğŸ‡µğŸ‡¾ğŸ‡µğŸ‡¾ğŸ‡µğŸ‡¾ğŸ‡³ğŸ‡¿ğŸ‡³ğŸ‡¿ğŸ‡³ğŸ‡¿ğŸ‡³ğŸ‡¿ğŸ‡³ğŸ‡¿ğŸ‡³ğŸ‡¿ğŸ‡¬ğŸ‡§ğŸ˜ˆğŸ˜ˆğŸ˜ˆğŸ˜ˆğŸ˜ˆğŸ˜ˆğŸ˜ˆğŸ˜ˆğŸ˜ˆğŸ˜ˆğŸ˜ˆğŸ˜ˆğŸ˜ˆğŸ˜ˆğŸ˜ˆğŸ‘¿ğŸ‘¿ğŸ˜ˆğŸ˜ˆğŸ˜ˆğŸ˜ˆğŸ‘¿ğŸ˜ˆğŸ˜ˆğŸ˜ˆğŸ˜ˆğŸ˜ˆğŸ˜ˆğŸ˜ˆğŸ˜ˆğŸ˜ˆğŸ˜ˆğŸ˜ˆğŸ˜ˆğŸ˜ˆğŸ˜ˆğŸ˜ˆğŸ˜ˆğŸ˜ˆğŸ˜ˆğŸ˜ˆğŸ˜ˆğŸ˜ˆğŸ˜ˆğŸ˜ˆğŸ˜ˆğŸ˜ˆğŸ¤¡ğŸ¤¡ğŸ¤¡ğŸ˜ˆğŸ˜ˆğŸ˜ˆğŸ˜ˆğŸ˜ˆğŸ˜ˆğŸ˜ˆğŸ˜ˆğŸ˜ˆ
fx5oy9x,Only 2000â€™s kids will understand ğŸ˜©ğŸ˜©
fx7amjj,"I put this into text to speech and I cant stop laughing that  ğŸš  is read as ""derelict house"""
fx7z4vt,shawaty like a meldyğŸ¥°
fx4sp8d,"cummybot onlyfans: https://www.youtube.com/watch?v=jxJe8bL4VSI

*I am a bot, and this action was performed automatically. Please [contact the moderators of this subreddit](/message/compose/?to=/r/emojipasta) if you have any questions or concerns.*"
fx7tgz2,"Shawtyâ€™sğŸ’–âœ¨likeğŸŒŸğŸ˜ŒaâŒ›ï¸ğŸ‘‘âœ¨melodyğŸ’ğŸ€ğŸŒŸ ğŸªThatğŸ’« I ğŸŒcan't ğŸŒkeep ğŸŒµout ğŸŒŸGot ğŸŒŸme âœ¨singin' âš¡ï¸likeâš¡ï¸ ğŸ”¥Na na na na ğŸ”¥everydayğŸŒª It'sğŸŒˆ like â˜€ï¸my ğŸ’«iPod â„ï¸stuck ğŸšon ğŸ¤ replay, ğŸ¤¤replay-ay-ay-ayğŸ¥´ Shawty'sğŸ¤¤ like ğŸ¤–a ğŸ¤‘melody ğŸ˜»in ğŸ˜½my ğŸ¤²headğŸ§  That ğŸ¤šI ğŸ¦µcan't ğŸ’‹keep ğŸ’„outğŸ‘€ Got ğŸ¤™me ğŸ™singin' ğŸ™likeğŸ‘… Na na na na ğŸ’„everydayğŸ’‹ ğŸ¦µIt's ğŸ¦¶like ğŸ’ªmy ğŸ¦¾iPod ğŸ‘‹stuck ğŸ‘‹on ğŸ––replay, ğŸ¤šDeluga ğŸ¤˜Heights (replay) ğŸ¤ŸHey âœŠğŸ¾over ğŸ‘and ğŸ¤over  ğŸ‘o_O ||if ğŸ‘I'm ğŸ†“tipsyğŸ”° or â™»ï¸soberğŸ’¯ I ğŸ’–got â¤ï¸lil' ğŸ’”mommağŸ’— on ğŸ’rewindâ£ï¸like the â¤ï¸deck ğŸ‘¥in ğŸ˜»my ğŸ˜ºRover ğŸ‘¾On ğŸ’€my ğŸ¤‘mind, ğŸ¥±shawtyğŸ¥± fine, ğŸ˜¯meditate ğŸ¤’herğŸ¥¶ like ğŸ¥µyoga ğŸ¤’So ğŸ¤•down ğŸ¤on ğŸ˜µthe ğŸ™„line ğŸ˜¤make ğŸ‘‰me ğŸ‘ˆwant ğŸ‘ğŸ¾a ğŸ˜ˆcold ğŸ‘¹sodağŸ‘º ğŸ‘»Hey ğŸ‘½baby ğŸ¤¡be ğŸ¤¤my ğŸ˜ˆradioğŸ¥´ ğŸ˜¶Hear ğŸ¥µyou ğŸ¥ºeverywhere ğŸ˜I ğŸ˜‰go ğŸ™‚Music ğŸ‘©â€â¤ï¸â€ğŸ‘¨in ğŸ˜‡my ğŸ˜šheadğŸ¤ª ğŸ¤¨Know ğŸ˜‹your ğŸ¤ªmelody ğŸ¤©in ğŸ˜”every ğŸ˜­noteğŸ˜ Girl ğŸ˜you ğŸ˜incredibleğŸ˜š ğŸ¤ªMake ğŸ¤©yourself ğŸ¥³availableğŸ˜ ğŸ¥³Na na na nağŸ¤ª ğŸ˜˜That ğŸ¥°tune ğŸ˜šso ğŸ˜Šexceptionalâ˜ºï¸ ğŸ˜Smexy ğŸ˜like ğŸ’—a ğŸ˜špiano ğŸ‘¸give ğŸ’¥you â™‰ï¸my ğŸ‘©ğŸ¿â€ğŸ¦±hands ğŸ‘€if âœŠğŸ¾you're ğŸ˜ˆreadyğŸ’€ ğŸ¥´We ğŸ˜œcan ğŸ˜€make ğŸ™ƒplansğŸ˜š getğŸ¥° body ğŸ˜‹standğŸ˜ if âœŠğŸ¾you let â˜„ï¸meğŸ˜© Girl I'm aâ€¦ğŸ¥µğŸ˜³ğŸ¥´"
fx6e5bv,My eyes
fx6sasc,Hehe
fx8t3qt,"ya missed ""in my head"" btw"
fxa1z5d,"cummybot onlyfans: https://www.youtube.com/watch?v=jxJe8bL4VSI

*I am a bot, and this action was performed automatically. Please [contact the moderators of this subreddit](/message/compose/?to=/r/emojipasta) if you have any questions or concerns.*"
fxa1z92,"https://www.reddit.com/r/F35Lightning/comments/hkf3qm/unconfirmed_india_is_ready_to_abandon_the_su57/fwx54pp/

India already [withdrew](https://www.thedrive.com/the-war-zone/20347/its-no-surprise-india-finally-ditched-its-stealth-fighter-program-with-russia) from joint development of the Su-57 in '18. ğŸ‡·ğŸ‡º had cut down on its own planned purchases of the âœˆï¸ due to budget pressures, which â¬†ï¸ the cost for ğŸ‡®ğŸ‡³, angering New Delhi. Then there's the fact that the engine is an ""interim"" one whose stealth isn't up to par. Since the program started in '06 only 10 prototypes & 1 serial production âœˆï¸ have been built, & the serial production model [promptly crashed](https://www.google.com/amp/s/tass.com/emergencies/1102811/amp).

The Su-57 is likely to be the aerial counterpart to the T-14 Armata. ğŸ‡·ğŸ‡º originally wanted >2,000 of the tanks by 2020, then 2025, and have now [rejected full rate production](https://www.thedrive.com/the-war-zone/22600/russia-cant-afford-its-new-t-14-armata-tanks-turns-to-updated-older-designs-instead) altogether in favor of a limited ""test batch"".

Moscow simply doesn't have the ğŸ’° to replace its massive Soviet-era arsenal today, even IF it can still do the R&D. It's a catch-22 b/c if they focus on upgrading existing equipment to maintain their image as a great military power, that leaves fewer rubles for new toys. Then there's all the ğŸ’° needed to spend on the strategic â˜¢ï¸ğŸš€ stuff like submarines.

The strategy they'll probably adopt for all forces is the one they've taken for the navy: scale back expectations & focus on core capabilities. ğŸ‡·ğŸ‡º hasn't built a surface ship greater than 5,000 tons since the end of the USSR. Destroyers are replaced w/ frigates, frigates w/ missile boats, & so on. Fantasies like carriers are [put aside](https://en.m.wikipedia.org/wiki/Project_23000E), & ğŸ‡·ğŸ‡º interests retrenched from to green to brown water."
fxagg0e,I have shid ğŸ’ me run ğŸ’ƒ to ğŸš½ to make big ğŸ’©I   Make big ğŸ’© my mommy ğŸ‘± angry ğŸ‘º me not allowed to go fishing ğŸ£
fxagfha,"cummybot onlyfans: https://www.youtube.com/watch?v=jxJe8bL4VSI

*I am a bot, and this action was performed automatically. Please [contact the moderators of this subreddit](/message/compose/?to=/r/emojipasta) if you have any questions or concerns.*"
fx8txzs," ok ğŸ‘Œ guys, relax, ğŸ›‹ğŸ› they ğŸ’¥ are just ğŸ‘Œ fucking ğŸ‘Œ socks, it's ğŸ˜‰ impossible for â“ğŸ’¯ socks to turn ğŸƒğŸšŸ me gay, ğŸ˜‚ğŸ‘§ my ğŸ…±ğŸ™ heterosexuality will âš½ğŸ‘Œ be ğŸ¥œğŸ fine ğŸ‘Œ dudes ğŸ¸ğŸ¸ A-Ah ğŸ…± shit... ğŸ‘» Y-your cock ğŸ˜±ğŸŒ is so ğŸ‘‰ğŸ¤” big, and in ğŸ‘ğŸ‘‰ my ğŸ‘–ğŸ‘€ ass ğŸ’¦ already\~?! ğŸ™ Mnn.. Faster... HARDER! ğŸ†ğŸ”¨ Turn ğŸ”„ me into ğŸ˜‚ your dream femboy slut\~! ğŸ‘… Penetrate ğŸ‘‰ğŸ‘‰ me ğŸ» until ğŸ’¯ğŸ•“ i ğŸ’¦ burst! Mmmm\~ ğŸ˜‹ Soothe me, caress me, FUCK ME, ğŸ˜ğŸ† BREED ME! Probe your ğŸ¼ thick, wet, throbbing cock deeper ğŸ’¦ and DEEPER INTO ğŸšŸ MY ğŸ‘¨ VIRGIN ğŸ” BOIPUSSY\~!! Ah... ğŸ˜² AHHH! AHHHNNN\~! I-I'M CUMMING, ğŸ’¦ I'M ğŸ™‡ CUMMING! CUM WITH ğŸ‘ ME ğŸ»ğŸ˜ TOO! ğŸ˜ğŸ˜² DRENCH ME, â¤ğŸ’¦ I'LL â™‚â„¹ DO THE ğŸ‘ğŸ¿ SAME! â—ğŸ¤¢ AND ğŸ‘ I'LL SWALLOW ğŸ¤¢ğŸ¤¢ YOUR ğŸ’ƒğŸ’ STICKY ğŸ’¦ğŸ’¦ ESSENCE ALONG WITH YOU\~! ğŸ» I'M YOUR PERSONAL CUMBUCKET\~!! â¤ï¸ â¤ï¸ â¤ï¸"
fx8tqra,"cummybot onlyfans: https://www.youtube.com/watch?v=jxJe8bL4VSI

*I am a bot, and this action was performed automatically. Please [contact the moderators of this subreddit](/message/compose/?to=/r/emojipasta) if you have any questions or concerns.*"
fx8vggx,Wat
