id,title,body
hoghwy,SofiağŸ’ğŸ»â€â™€ï¸ The ğŸ˜ First ğŸ‘‘,I ğŸ¤ was ğŸ˜Œ a ğŸ§šğŸ»â€â™€ï¸ girl ğŸ‘©ğŸ½ in ğŸ¤— the ğŸ˜ village ğŸ¡ doing ğŸ˜ƒ all ğŸ™†ğŸ½â€â™€ï¸ right ğŸ’ğŸ½â€â™€ï¸ then âœ¨ I becameğŸ¦‹ a princess ğŸ‘¸ğŸ½ overnight ğŸŒš now I gotta ğŸ§šğŸ¼â€â™€ï¸ figure ğŸ¤“ out ğŸ™ŒğŸ¼ how to do ğŸ¤ it right ğŸ‘ğŸ¼ so much ğŸ™€ to learn ğŸ“š and see ğŸ‘ğŸ‘„ğŸ‘ up ğŸ‘†ğŸ¼ in the castle ğŸ° with my new family ğŸ‘¨â€ğŸ‘©â€ğŸ‘§â€ğŸ‘¦ in a school ğŸ« thatâ€™s just ğŸ˜Œ for royalty ğŸ‘‘ in a hole ğŸ•³ enchanted ğŸ§šğŸ¼â€â™€ï¸ world ğŸŒ is waiting ğŸ•° for me ğŸ™ğŸ½â€â™€ï¸ Iâ€™m so ğŸ’« excited to ğŸ¤© be SOFIA THE FIRST ğŸ¥ºğŸ—¿ğŸ˜”ğŸ‘ŠğŸ¼ğŸ¤©ğŸ’—ğŸ˜™ğŸ’« Iâ€™m finding ğŸ” out what ğŸ˜³ being royals ğŸ‘¸ğŸ½ all about ğŸ¤© (Sofia the firstğŸ˜™) making my ğŸ˜ way itâ€™s ğŸŒˆ an adventure ğŸ§—â€â™€ï¸ everyday ğŸ™†ğŸ½â€â™€ï¸ SOFIA ğŸ’« its gon ğŸ˜› be ğŸ¤­ my time â° SOFIA ğŸ§šğŸ¼â€â™€ï¸ to show ğŸŸ them all ğŸ˜ that Iâ€™m Sofia ğŸ˜Œ Sofia the fiiiiiiiiirrrrst ğŸ˜—ğŸ‘†ğŸ¼
hofooy,â€¼ï¸â€¼ï¸HOLY FUCKING SHITâ€¼ï¸â€¼ï¸â€¼ï¸â€¼ï¸ IS THAT A MOTHERFUCKING JOJO REFERENCE??????!!!!!!!!!!11!1!1!1!1!1!1! ğŸ˜±ğŸ˜±ğŸ˜±ğŸ˜±ğŸ˜±ğŸ˜±ğŸ˜± JOJO IS THE BEST FUCKING ANIME ğŸ”¥ğŸ”¥ğŸ”¥ğŸ”¥ğŸ’¯ğŸ’¯ğŸ’¯ğŸ’¯ JOSUKE IS SO BADASSSSS ğŸ˜ğŸ˜ğŸ˜ğŸ˜ğŸ˜ğŸ˜ğŸ˜ğŸ‘ŠğŸ‘ŠğŸ‘ŠğŸ‘ŠğŸ‘Š ORAORAORAORAORALORAORAORAORAORAORAORAORAORAORAORAORAORAORAORA ğŸ˜©ğŸ˜©ğŸ˜©ğŸ˜©ğŸ˜©ğŸ˜©ğŸ˜©ğŸ˜© ğŸ˜©ğŸ˜©ğŸ˜©ğŸ˜© M,"â€¼ï¸â€¼ï¸HOLY FUCKING SHITâ€¼ï¸â€¼ï¸â€¼ï¸â€¼ï¸ IS THAT A MOTHERFUCKING JOJO REFERENCE??????!!!!!!!!!!11!1!1!1!1!1!1! ğŸ˜±ğŸ˜±ğŸ˜±ğŸ˜±ğŸ˜±ğŸ˜±ğŸ˜± JOJO IS THE BEST FUCKING ANIME ğŸ”¥ğŸ”¥ğŸ”¥ğŸ”¥ğŸ’¯ğŸ’¯ğŸ’¯ğŸ’¯ JOSUKE IS SO BADASSSSS ğŸ˜ğŸ˜ğŸ˜ğŸ˜ğŸ˜ğŸ˜ğŸ˜ğŸ‘ŠğŸ‘ŠğŸ‘ŠğŸ‘ŠğŸ‘Š ORAORAORAORAORALORAORAORAORAORAORAORAORAORAORAORAORAORAORAORA ğŸ˜©ğŸ˜©ğŸ˜©ğŸ˜©ğŸ˜©ğŸ˜©ğŸ˜©ğŸ˜© ğŸ˜©ğŸ˜©ğŸ˜©ğŸ˜© MUDAMUDAMUDAMUDAMUDAMUDAMUDAMUDAMUDAMUDAMUDAMUDAMUDAMUDAMUDAMUDAMUDAMUDAMUDAMUDAMUDAMUDAMUDAMUDAMUDAMUDAMUDAMUDA ğŸ¤¬ğŸ˜¡ğŸ¤¬ğŸ˜¡ğŸ¤¬ğŸ˜¡ğŸ¤¬ğŸ¤¬ğŸ˜¡ğŸ¤¬ğŸ¤¬ğŸ˜¡WRYYYYYYYYYYYYYYYYYYYYYYYYYYYYYYYYYYYYYYYYYYYYYYYYYYYYYYYYYYYYYYYYYYYYYYYYYYYYYYYYYYYYYY Yo Angelo!Yo Angelo!ğŸ—¿ ğŸ—¿ Yo Angelo!ğŸ—¿ ğŸ—¿ Yo Angelo! Yo Angelo!ğŸ—¿ Yo Angelo! ğŸ—¿ Yo Angelo!ğŸ—¿ ğŸ—¿ Yo Angelo! ğŸ—¿ ğŸ—¿ ğŸ—¿ ğŸ—¿ ğŸ—¿ ğŸ—¿ Yo Angelo!Yo Angelo!Yo Angelo! Yo Angelo!Yo Angelo!Yo Angelo! Yo Angelo!ğŸ—¿ Yo Angelo! ğŸ—¿ Yo Angelo!Yo Angelo!ğŸ—¿ ğŸ—¿ Yo Angelo! ğŸ—¿ ğŸ—¿ ğŸ—¿ ğŸ—¿ ğŸ—¿ ğŸ—¿ Yo Angelo! ğŸ—¿ Yo Angelo! ğŸ—¿ Yo Angelo!ğŸ—¿ ğŸ—¿ ğŸ—¿ ğŸ—¿ Yo Angelo! ğŸ—¿ ğŸ—¿ Yo Angelo!ğŸ—¿ Yo Angelo! ğŸ—¿ ğŸ—¿ Yo Angelo!ğŸ—¿ ğŸ—¿ Yo Angelo! ğŸ—¿ Yo Angelo!Yo Angelo! ğŸ—¿ ğŸ—¿ ğŸ—¿ ğŸ—¿ ğŸ—¿ ğŸ—¿ ğŸ—¿ Yo Angelo!ğŸ—¿ ğŸ—¿ ğŸ—¿ Yo Angelo!ğŸ—¿ ğŸ—¿ ğŸ—¿ ğŸ—¿ Yo Angelo! ğŸ—¿ Yo Angelo! Yo Angelo!Yo Angelo!Yo Angelo! Yo Angelo! ğŸ—¿ ğŸ—¿ ğŸ—¿ ğŸ—¿ ğŸ—¿ ğŸ—¿ Oh youâ€™re approaching meâ“â“â“â“â“â“â“â“â“â“But it was me, Dioâ€¼ï¸â€¼ï¸â€¼ï¸â€¼ï¸â€¼ï¸â€¼ï¸â€¼ï¸â€¼ï¸â€¼ï¸â€¼ï¸ğŸ˜‚ğŸ¤£ğŸ˜‚ğŸ¤£ğŸ˜‚ğŸ¤£ğŸ˜‚ğŸ˜‚ğŸ˜‚ğŸ¤£ğŸ¤£ğŸ¤£ğŸ˜‚ğŸ˜‚ğŸ˜‚ r/shitpostcrusaders r/unexpectedjojo r/expectedjojo perfectly balanced as all things should be r/unexpectedthanos r/expectedthanos for balance"
ho90ca,Does anyone have the pink wig song from shane dawson emoji pasta??,
ho6nj6,e,"No, no, ğŸ¤¬ you just wait a ducking ğŸ¦† second. â³ What the fuckğŸ›‘ did unjust call ğŸ˜ me? â”â”ğŸ˜¡Iâ€™m a yaoi fangirl and proud! ğŸ¥³ You donâ€™t insult me. ğŸ’¢ğŸ˜†Btw no, no itâ€™s not gay ğŸ‘¨â€â¤ï¸â€ğŸ‘¨ Do you even know where that fmae from? â”â” Japan! ğŸ‡¯ğŸ‡µ ğŸ”°The proper form of gay ğŸ‘¬ is yaoi! âœ…Just because ğŸ˜³ Iâ€™m 11 1ï¸âƒ£1ï¸âƒ£doesnâ€™t mean I canâ€™t be a perv. ğŸ‘â€ğŸ—¨Iâ€™m mature. ğŸ“¢ğŸ•³I  write âœï¸ yaoi fsncifrom. ğŸ“– I have many people ğŸ˜ºwho like my yaoi ğŸ˜»ğŸ˜¼fanficton om fan fiction.net and deviantart. I read yaoi ğŸ“– everyday, yaoi is my life ğŸ‘¹, I coulndtlifv ğŸ’€ without yaoiã€½ï¸, I would die. â˜ ï¸ğŸ‘» I know everything about yaoi sex, ğŸ”Iâ€™m not stupid. ğŸ¤ ğŸ¤”I read my first when I was 10.  ğŸ”ŸIâ€™m not like the other kid,s ğŸ§’so stop saying I am, Iâ€™m suchğŸ¤¢ğŸ˜· of it. Iâ€™m so sick of it all. ğŸ¤®Iâ€™ll have u know ik what a pp ğŸ‘ºwhatâ€™s when I wanna 9,,, 9ï¸âƒ£nine! 9ï¸âƒ£i net undidnt know what a pp ğŸ¤­was when u were 99ï¸âƒ£im better then u. I talk in qroqepller  gramm ğŸª and u donâ€™t. Ur not better then me. ğŸ‘¸ ğŸ‘‘ U donâ€™t use the right word fo ryaoi, itâ€™s not guy ğŸ‘¨ , do ur research. bts gayğŸ‘¨â€â¤ï¸â€ğŸ’‹â€ğŸ‘¨porn is disgusting. ğŸ˜¡ğŸ¤¢itâ€™s nothing like yaoi ğŸ‘¬and itâ€™s unrealistic and gross. the urns are usually not shorter ğŸ“‰then the other. itâ€™s disgusting. fx all of u. Iâ€™m 11 ğŸ•§ğŸ••and Iâ€™m not stupid. because I know the origin of yaoi. ğŸ‡¯ğŸ‡µğŸ‡¯ğŸ‡µfuck u,, fuck offğŸ¤¬ğŸ–•"
ho5vgl,ğŸ¦†ğŸ¦†ğŸ¦†,ğŸ˜±THE ğŸ™„ğŸ™„ELITES ğŸ™‡â€â™‚ï¸ğŸ‘¨â€ğŸ“DONTğŸ¦ğŸ‘ğŸ‘ WANT YOU ğŸ‘‰TO ğŸ’¯KNOW ğŸ¤”ğŸ§ğŸ¤”THIS ğŸš±BUT ğŸµTHE ğŸ—¿DUCKS â€¼ï¸ğŸ¦†ğŸ¦†ğŸ¦†AT THE ğŸ”›PARKâ°ğŸš— AREÂ®ï¸ FREE ğŸ¤‘ğŸ¤‘ğŸ¤¯ğŸ¤¯YOU ğŸ”¥ğŸ”¥CAN ğŸ¥«TAKE THEM ğŸ‰ğŸ€HOMEğŸ  I HAVE ğŸ˜«458ğŸ˜¬ğŸ˜¬ DUCKSğŸ¤“
hnxhlc,Going to California,"ğŸ’¸Spent my â˜˜ï¸days ğŸŒwith a womanğŸ‘’unkindğŸ“
ğŸSmoked my ğŸŒ²stuffâœ¨ and drankğŸ˜Œall my wineğŸ·
ğŸ–¼Made up my mind ğŸ§ to make a new startğŸŒ¸ğŸ€
Going To ğŸŒ´California ğŸ¬ğŸ‡ºğŸ‡¸with an ğŸ’¢aching in my â¤ï¸ğŸ’heartğŸ’–ğŸ’˜
â˜®ï¸
ğŸ’Someone told me ğŸ§šğŸ»â€â™€ï¸there's ğŸ¥°a girlğŸ‘¸ğŸ» out thereğŸ”
With love ğŸ’–in her eyes ğŸ‘€and ğŸŒ¸flowers ğŸŒºin her hairğŸ§ğŸ»â€â™€ï¸â˜®ï¸
ğŸ•¯Took my ğŸ•°chances ğŸ²on a big jet planeâœˆï¸
Never âŒlet them tell ğŸ˜’ğŸ‘‰ğŸ»youğŸ˜¢that they're all ğŸ™…the sameğŸ’ğŸŒˆğŸ¦„
The sea ğŸŒŠwas red ğŸ›‘and the sky â˜ï¸was â›ˆgreyğŸŒ§
ğŸ™‡ğŸ»â€â™‚ï¸Wondered ğŸŒšhow ğŸŒ—tomorrow ğŸŒ›could ever follow today"
hnvm2l,Henlo,"IğŸš¶ğŸ¼ğŸ­ made a subredditğŸš¶ğŸ¾ğŸˆ¸ğŸ‡ğŸ¿ğŸ˜Ÿ calledğŸ’²  [r/emojisareawesome](https://www.reddit.com/r/emojisareawesome/).ğŸ’ğŸ½ğŸ‘ŠğŸ¿ğŸ†ãŠ™ï¸ WouldğŸ” youâœŒğŸ½ like toğŸ”™ğŸ’‹ğŸ‘“  join,ğŸ•’ğŸ’‚ğŸ»âœ‹ğŸ”ª and helpğŸ‹ usğŸ’…ğŸ“¬ grow?ğŸ‘¨â€â¤ï¸â€ğŸ’‹â€ğŸ‘¨"
hnv93g,grizzly ğŸ¤¬ bearğŸ»,if ğŸ˜« you ğŸ‘‰ ever ğŸ§± see ğŸ‘ me ğŸ‘ˆ fightin ğŸ¥Š in â­•ï¸ the âœ´ï¸ forest ğŸŒ³ with ğŸ™ˆ a grizzly ğŸ• bear ğŸ» help ğŸ©¹ the âœ¨ bear ğŸ¼ cause ğŸ‘£ that ğŸ—£ bitch ğŸ¤¬ gon ğŸ˜± need ğŸ’® it â€¼ï¸
hnuvlw,pictureğŸ“·ğŸ–¼myğŸ™‹â€â™‚ï¸â¬…ï¸bootyğŸ‘upâ¬†ï¸ in 3DğŸ¤©â€¼ï¸illğŸ™‹â€â™‚ï¸â¬…ï¸shakeğŸ“³myğŸ™‹â€â™‚ï¸bootyğŸ‘in my ğŸ™‹â€â™‚ï¸â¬…ï¸own movie ğŸ¥ ğŸ¿,
hnu95k,ğŸ‡±ğŸ‡·ğŸ‡±ğŸ‡·ğŸ‡±ğŸ‡·,"Trump ğŸŠ ğŸ‘¨ literally walked ğŸ‘  on stage ğŸ¼  at the briefing ğŸ©² stated that if churches â›ªï¸ weren't open ğŸ‘€ by this weekend, he would override ğŸ´ ğŸ† ğŸ˜© any Governor he had to.  He said that it was WRONG ğŸ˜¡ to keep liquor ğŸ¸ stores ğŸ¬ and abortion ğŸ’€ ğŸ‘¶ clinics ğŸ¥ open, yet force ğŸ’ªğŸ¿ ğŸ˜© churches â›ªï¸ to close ğŸšª . Prayer ğŸ™ğŸ¿ is essential.  We need ğŸ¥µ more not less. Then he walked ğŸ‘  off stage ğŸ¼ ... ğŸ¤·ğŸ¼â€â™‚ï¸ How can you hate a man ğŸ‘¨ that is fighting ğŸ¥Š so hard ğŸ† ğŸ’¦ for you to keep your rights?   Is he perfect ğŸ‘¼ ? no. Only Jesus âœï¸ was. Is he cocky ğŸ” and arrogant?   yes.... but wouldn't you be? ğŸ I mean the man ğŸ‘¨ hasn't had a fair ğŸ¡ chance at anything, but he has done ğŸ’¦ ğŸ† ğŸ’ªğŸ¿ ğŸ˜© a lot of good with no one backing  ğŸ‘ him.  The main thing is â€œHE CANT BE BOUGHTâ€.  ğŸ¤‘ I donâ€™t know about you but Iâ€™m rollin ğŸš— with Trump ğŸŠ ğŸ‘¨ in 2020.  Any man ğŸŠ ğŸ‘¨ willing to fight ğŸ¥Š for my freedom ğŸ¦… to go to church â›ªï¸ and worship ğŸ™ğŸ¿ is ok ğŸ‘ŒğŸ¿ in my book ğŸ“š . #trump2020  ğŸŠ ğŸ‘¨ 2020 ğŸ¤¡ Please keep your negative comments to yourself. This is my ğŸ‘¨ page ğŸ§» and my opinion. If you donâ€™t like ğŸ‘ğŸ¿ it, just keep scrolling. ğŸ“œ"
hnrumz,âœ¨ cheese balls âœ¨,ğ“¬ğ“±ğ“®ğ“®ğ“¼ğ“® ğŸ§€ğ“«ğ“ªğ“µğ“µğ“¼ ğŸ†ğ“ªğ“»ğ“® ğŸ‘ğ“²ğ“· ğŸ¤ªğ“½ğ“±ğ“® ğŸ˜½ğ“±ğ“²ğ”ƒ âœ¨ğ“±ğ“¸ğ“¾ğ“¼ğ“® ğŸ 
hnrfx8,Have some emojis redit.,â‚¯Ì´Í€Ì…Ì‹Í Ì“Í’Í˜ÍÌÍ€ÍÌÍ—Ì’Ì€Í—Ì†Ì”Í›Í˜Ì‹Ì”ÌšÌÌ‚Í˜Í‹Ì‰Ì”ÍÌ€ÍÌ“Ì‹Í›Ì¾Ì‹ÌšÍŒÌÌ†ÌˆÍÍŠÍŠÍƒÍ ÌƒÍŠÌ½Í‹Í—Ì”Ì¾ÌŠÌÍÌÌˆÍ—Ì„ÌˆÌÍƒÌ‹Í‹Ì›Í—ÌŒÌ‚Ì‡Ì”Í†Ì”ÍƒÌ…Í‚Í„ÌÍŠÌ’ÌšÌ“ÌÌÍ€ÍÌ€Ì†Ì‰ÍÌˆÍÌƒÌÌ½Í ÍÌ”Ì…Í’ÌÍÌ‰Ì”ÌÌˆÌÍ›Í Ì‚Ì‡Í‚Ì†ÌÍÌ‰ÌÌ‹ÌŠÌÍ‘Ì¾Ì“ÌÌÍ„Ì…Ì›Ì‹Ì•ÍÌÌ½Í‘Ì‚ÌÌÌ’Ì¾ÍÌÌ”Ì…Ì‹ÌŒÌÌ‚Ì„ÌŠÌÌ›Ì›Ì‘Ì‡ÌšÌÌ¾Ì‰Ì€Í‹Ì½Ì‡Ì¿Í‘Ì“ÌˆÍ„ÌˆÌƒÌ‡ÍŒÌ‘ÍÍ—Ì„ÌŒÍ€Í‚Í„Í ÌšÌ•ÌƒÌ“Í ÌÍ‘Ì‹Ì¾Ì½Ì›Ì†Í—Ì‘Í Ì‘Í‘Ì„Ì¿Ì•Í‘ÌƒÌ†Ì’Í€Ì€Ì’ÍÍ„Ì”Ì½Ì†Í„Ì…Í‘Ì„Ì…Ì¾Í„Ì…ÍÍŠÌ‡Ì“Í ÌÍ—Ì‘ÌÍ‘Ì½ÍÍ„Í„ÌƒÌ€Ì¿ÌƒÍ˜Í‹Ì”ÌƒÌ½ÍŠÌÌ…Í„ÌšÍÌÌÌÌ‡ÌÌÌÌ‘ÌÍÌ¾Í Ì‹ÌƒÌ¿ÌÌ›Ì†Ì’ÌŒÍ˜Ì½Ì†ÌŠÍŠÌˆÌˆÍ‘Í—ÌÌÌ›Ì¿ÌÌ’Ì“ÍŒÌšÌˆÌ¼  â‚¯â¬¢ åâ˜«â˜­    âƒâƒ¤âƒ âƒŸ    ğ“€ğ“‚¸
hnqzc3,âš ï¸ATTENTION!âš ï¸,ğŸ‘¨ Men âŒ Cannot âŒ get ğŸ‘ Pregnant ğŸ‘© NOT ğŸ™…ğŸ»â€â™€ï¸ POSSIBLE ğŸ™…ğŸ»â€â™€ï¸ ğŸ‘¨â€ğŸ‘¨â€ğŸ‘¦
hnq8ug,Emoji Unicode 13.0,
hnq61i,ğŸ†•My Grandma is Pregnant ğŸ†•,"My grandma ğŸ‘µğŸ‘µğŸ‘µ is pregnant ğŸ¤°ğŸ¤°ğŸ¤°. She's only 46 ğŸ’…ğŸ’…ğŸ’…so we were pretty excited ğŸ˜ğŸ˜ğŸ˜ at first, but now she's claiming my husband ğŸ¤µğŸ¤µğŸ¤µ is the fatherğŸ¤§ğŸ¤§ğŸ¤§. I don't know what to doğŸ™ƒğŸ™ƒğŸ™ƒ. He does spend a lot of time ""helpingğŸ‘ğŸ’¦ğŸ†"" at her houseğŸ¡ğŸ¡ğŸ¡. I can't believe he's plowğŸšœğŸšœğŸšœ my granny though. We have to wait monthsğŸ“†ğŸ“†ğŸ“† for a paternity test. If it's his, would the babyğŸ‘¶ğŸ‘¶ğŸ‘¶ be my aunt/uncle and step childğŸ¤”ğŸ¤”ğŸ¤”? It's also worth noting that my husbandğŸ¤µğŸ¤µğŸ¤µ is both my brotherğŸ‘¦ğŸ‘¦ğŸ‘¦ and my uncleğŸ‘¨ğŸ‘¨ğŸ‘¨ and my grandmağŸ‘µğŸ‘µğŸ‘µ is his grandmağŸ‘µğŸ‘µğŸ‘µ too, and also his ex girlfriendğŸ’ğŸ’ğŸ’."
hnp43v,Epic elementary story!!,"I ğŸ‘¥ am in 5th grade ğŸ“.. I ğŸ‘ have a crush ğŸ’¥ğŸ’ª on this girl ğŸ‘§ her ğŸ’¦ğŸ°ğŸ† hair ğŸ’ˆ smells ğŸ‘ƒ like ğŸ‘ roses ğŸŒ¹ and her ğŸ°ğŸ˜â¤ personality ğŸ‘¥ is golden ğŸ¤© so I ğŸ‘¥ decided ğŸ‘¯ to peacefully fap ğŸ’¦ğŸ† to her ğŸ’¦ğŸ°ğŸ† beautiful ğŸŒ„ face ğŸ˜€ in the middle âš« of math â•â–âœ– because it was SOOO boring ğŸ˜´ğŸš« ğŸ˜‚ğŸ˜‚ğŸ˜‚ savage ğŸ¥µğŸ™ˆğŸŒ anyways ğŸ”› she ğŸ‘©ğŸ½ caught ğŸ£ me and i ğŸ‘¥ was thinking ğŸ’­ she ğŸ‘©ğŸ½ liked ğŸ‘ğŸ» it making ğŸ›  winks ğŸ˜œ and smiling ğŸ˜ to her ğŸ˜ but ğŸ‘ she ğŸ‘© did not like ğŸ˜„ it. ğŸ˜’ğŸ¤”ğŸ˜•so weird ğŸ˜•. she ğŸ‘© screamed ğŸ˜± then she ğŸ‘© started ğŸ’¢ running ğŸƒâ€â™‚ï¸ to the principal office ğŸ¢ ğŸ˜¢ğŸ™„ğŸ˜¬i cant âŒ stand ğŸš¹ that boomer ğŸŒğŸ» ğŸ˜‚ savage ğŸ¥µğŸ™ˆğŸŒ ğŸ’¯ğŸ˜ anyway ğŸ”› when â° she ğŸ‘© reported ğŸ§ me she ğŸ‘© started ğŸ’¢ spreading ğŸ’° it ğŸ˜­ğŸ™„ğŸ™„ğŸ™„ğŸ˜now people ğŸ‘« call ğŸ“ me weird ğŸ˜² and a 'loser' ğŸ³ like ğŸ˜„ whatt!???? ğŸ™„ im ğŸ˜ totally ğŸ’¯ a winner ğŸ† and part ğŸ† of the logang ğŸ‘ŒğŸ’¯ âœ”ï¸âœ”ï¸âœ”ï¸ğŸ‘ğŸ˜‚ğŸ¥‡ğŸ˜ she ğŸ‘© now told ğŸ—£ her ğŸ°ğŸ˜â¤ parents ğŸ¤µğŸ‘° and im ğŸ˜œ trying ğŸ’¯ to break ğŸ’” in her ğŸ‘±â€â™€ï¸ğŸ‘µ house ğŸ  ğŸ¡ğŸ˜‰ğŸ’ªâœ”ï¸ i ğŸ‘¥ will do many ğŸ‘¬ things ğŸ“ to her ğŸ’¦ğŸ°ğŸ’‹ since ğŸ‘¨ she ğŸ‘© didnt like ğŸ˜„ my fap ğŸ’¦ğŸ† ğŸ˜…ğŸ˜‚ğŸ˜‚ğŸ˜‚ğŸ˜ğŸ˜ she ğŸ‘© geting punsihed ğŸ¤£ğŸ¤£ğŸ¤£ğŸ¤£anyways im ğŸ˜œ gonna ğŸ¤¸â€â™€ï¸ set ğŸ‘Œ the ladder up â˜ âœ”ï¸ğŸ¤“ğŸ˜‹ then go ğŸƒ to her ğŸ°ğŸ˜â¤ bedroom ğŸ˜Œ. ğŸ¤—ğŸ˜ğŸ˜Š Hahahah ğŸ˜‚ ok ğŸ‘Œ wish ğŸ™ me good ğŸ‘Œ luck âš ğŸ€ rediit and pls ğŸ˜­ğŸ˜ğŸ˜³ give ğŸ‘‰ award ğŸ… so i ğŸ‘¥ can share ğŸ‘ğŸ– my savage ğŸ¥µğŸ™ˆğŸŒ story ğŸ“–, ğŸ¤£ğŸ¤£ğŸ˜‚ğŸ˜ğŸ˜ğŸ’¯ğŸ’¯ğŸ‘ thanks ğŸ™ redit ğŸ˜ and logangğŸ’ªğŸ˜ğŸ¤“"
hnoxn3,from r/unpopularopinion,"Some ğŸ˜‰ğŸ“œ people really ğŸ“ˆğŸ˜§ like ğŸ˜„ğŸ± to ğŸ”¨ hate ğŸ˜» on ğŸ‘ğŸ”› parents ğŸ‘©ğŸ‘¬ who ğŸ”­ğŸ‘€ do ğŸ’ƒ this. â¬‡ I'm ğŸ”¨ğŸ‘ a ğŸ’ğŸ‘¨ Texan boah and ğŸŒğŸ’¦ Texan boys ğŸ†ğŸ‘´ get ğŸ† whooped. It is ğŸ˜¬ a ğŸ‘Œ PUNISHMENT ğŸ˜© not ğŸ˜‡ some ğŸ¤· time out. ğŸ‘‹ It teaches kids what ğŸ˜Ÿ steep consequences means. For lots âœ”âœ… of ğŸ’¦ kids, all it ğŸ’¯ğŸ’¯ needs ğŸ™ŒğŸ™ is a â™‚ few ğŸ“… spankings to keep â™€ the â• kid ğŸ˜ in ğŸ’¯ line. ğŸ™‹ğŸ’¨ It's ğŸ¤–ğŸ’¦ disciplinary, and ğŸ† tough. ğŸ‘Œ It's ğŸ–•ğŸ’ effective unlike other punishments like ğŸ‘ğŸ˜„ ""you ğŸ˜ğŸ’¦ get to ğŸ” pick â›â› your ğŸ‘§ punishment, ğŸ˜© time out or ğŸ’° a ğŸ‘ friendly talk"". Mild punishments aren't really effective. Kids ğŸ‘©ğŸ­ will just ğŸ‘ do ğŸ’• what they ğŸ»ğŸ‘§ did again. ğŸ˜ ğŸ˜­ Basically, mild punishments work short ğŸ’ğŸ•› term, but ğŸ‘ğŸ‘¨ stern punishments will ğŸ¾ straighten a kid ğŸ˜ğŸ‘¶ up. I ğŸ™… got ğŸğŸ‘‘ spanked ğŸ‘ŒğŸ† and I ğŸ‘ turned ğŸ”„ğŸ”„ out ğŸğŸ¿ just â›¹ fine. ğŸ‘ŒğŸ˜‚ It's really ğŸ‘ˆ annoying ğŸ˜  when ğŸ’¦ğŸ˜² bitch ğŸ˜ ass ğŸ‘ğŸ‘‘ moms act like spankings causes autism. ğŸ™Š Spanking and â¬† abuse is ğŸŒ‡ğŸ‘† different. Abuse is ğŸ‘ hatred, ğŸ˜  not love. Abuse is ğŸ˜¬ğŸ’¥ constant pain. ğŸ˜ Most ğŸ’¯ğŸ˜ƒ people ğŸš« who ğŸ‘ don't ğŸš« like â˜ƒğŸ˜ the ğŸ¤œğŸ…± idea of ğŸ’°ğŸ’¦ spanking probably weren't spanked ğŸ‘‹ğŸ˜© as ğŸ‘ a ğŸ†ğŸ˜ kid. ğŸ‘¶ ------------------------------------------------------------------------------------------------------------------- Let's run through ğŸ‘Œ a ğŸ™ŠğŸ‘Œ quick ğŸ‘€ğŸ‘€ scenario. ( scenario 1): âšªğŸ“£ "" Hey ğŸ‘‹ bro, ğŸ‘¬ğŸ‘Š you ğŸ‘¨ wanna ğŸ¿ head ğŸ’¯ over to ğŸ…± Jake's ğŸ‘ğŸ‘ house and ğŸš« smoke ğŸš¬ğŸš¬ weed?"" ğŸ ""Why ğŸ˜³ the ğŸ‘‘ğŸ‘ hell ğŸ”¥ not?"" ğŸ‘ (Scenario 2): ğŸ’¦ğŸ» "" Hey â˜ bro, ğŸ’ª you ğŸ‘… wanna head ğŸ‘â™‚ over to Jake's ğŸ‘ğŸ house ğŸ ğŸ  and â• smoke ğŸš¬ğŸš¬ weed?"" "" Fuuuuuuuuck nooo ğŸ˜²ğŸ˜² man, ğŸ‘¨ I ğŸ¿ğŸ– don't ğŸš«ğŸ‘ wanna ğŸ™‹ get whooped."""
hnornu,ğ“œğ“²ğ“¬ğ“»ğ“¸ğ”€ğ“ªğ“¿ğ“²ğ“·ğ“° ğŸ¤²ğŸ˜«ğ“ª ğŸ˜ğ“¬ğ“ªğ“·ğŸ˜³ ğŸ¤¡ğ“¸ğ“¯ ğŸ’…ğ“¼ğ“¸ğ“¾ğ“¹ ğŸ¥µğŸœ ğ“²ğ“¼ ğŸ…±ï¸ ğ“·ğ“¸ğ“½ ğŸ‘ºğ“¬ğ“¸ğ“¸ğ“´ğ“²ğ“·ğ“° ğŸ¥˜ ğŸ¢ğ“²ğ“½ ğŸ¥¶ğŸª“,
hnm1yh,Who ğŸ˜§ is Amber ğŸ˜šand whyğŸ¤” is she describing ğŸ—£my car ğŸš˜ ğŸ˜ğŸ˜,Who ğŸ˜§ is Amber ğŸ˜šand whyğŸ¤” is she describing ğŸ—£my car ğŸš˜ ğŸ˜ğŸ˜
hnl1cm,Can ğŸ¥«you ğŸ–•give ğŸ¤² me ğŸ‘¸some ğŸ¤British ğŸ’‚â€â™‚ï¸Broadcasting ğŸ¥ Corporation ğŸ³,Can ğŸ¥«you ğŸ–•give ğŸ¤² me ğŸ‘¸some ğŸ¤British ğŸ’‚â€â™‚ï¸Broadcasting ğŸ¥ Corporation ğŸ³
hnhubu,âš“ğŸ¦­Â©ğŸ,"What the fuck â‰â‰ did you ğŸ§’ğŸ§’ just fucking say ğŸ—£ğŸ—£ about me, you little bitch ğŸ•ğŸ•? I'll have you know ğŸ“šğŸ“šğŸ“š I graduated top of my class ğŸ“ğŸ“ğŸ“ in the Navy SealsğŸ’ªğŸ’ªâš“âš“âš“, and I've been involved in numerous ğŸ”¢ğŸ”¢ secret ğŸ”ğŸ” raids ğŸ”«ğŸ”« on Al-Quaeda â˜ , and I have over 300 ğŸ‘ŒğŸ‘ŒğŸ‘ŒğŸ‘Œ confirmed âœ…âœ…âœ…âœ… kills â˜ â˜ â˜ â˜ â˜ â˜ â˜ . I am trained in gorilla ğŸ¦ğŸ¦ğŸ¦ğŸ¦ğŸ¦ warfare âš âš âš âš  and I'm the top sniper â•â•â˜ ğŸ˜µğŸ˜µğŸ˜µğŸ¤ in the entire US ğŸ‡ºğŸ‡¸ğŸ‡ºğŸ‡¸ğŸ‡ºğŸ‡¸ğŸ‡ºğŸ‡¸ğŸ‡ºğŸ‡¸ğŸ‡ºğŸ‡¸ğŸ‡ºğŸ‡¸ğŸ‡ºğŸ‡¸ğŸ‡ºğŸ‡¸ğŸ‡ºğŸ‡¸ğŸ‡ºğŸ‡¸ğŸ‡ºğŸ‡¸ğŸ‡ºğŸ‡¸ğŸ‡ºğŸ‡¸ğŸ‡ºğŸ‡¸ğŸ‡ºğŸ‡¸ğŸ‡ºğŸ‡¸ armed forcesğŸ”«ğŸ”«ğŸ”«ğŸ”«ğŸ”«. You are nothing ğŸ™…â€â™‚ï¸ğŸ™…â€â™‚ï¸ğŸ™…â€â™‚ï¸ğŸ™…â€â™‚ï¸ğŸ™…â€â™‚ï¸â›”â›”â›”â›” to me but just another target ğŸ¯. I will wipe you the fuck out ğŸ¤§ğŸ¤§ğŸ¤§ğŸ¤§ğŸ¤§ğŸ¤§ with precision ğŸ¹ğŸ¹ğŸ¹ğŸ¹ the likes of which has never been seen ğŸ‘€ğŸ‘€ğŸ‘€ğŸ‘€ğŸ‘€ğŸ‘€ before on this Earth ğŸŒğŸŒğŸŒğŸŒğŸŒğŸŒğŸŒ, mark my fucking words ğŸ“‘ğŸ“‘ğŸ“‘ğŸ“‘. You think you can get away ğŸƒâ€â™‚ï¸ğŸƒâ€â™‚ï¸ğŸƒâ€â™‚ï¸ğŸƒâ€â™‚ï¸ğŸƒâ€â™‚ï¸ğŸƒâ€â™‚ï¸ğŸƒâ€â™‚ï¸ with saying that shit ğŸ’©ğŸ’©ğŸ’©ğŸ’©ğŸ’© to me over the Internet ğŸ’»ğŸ’»ğŸ’»ğŸ’»ğŸ’»? Think again, fucker ğŸ§ . As we speak ğŸ—£ğŸ—£ğŸ—£ğŸ—£ I am contacting ğŸ“ğŸ“ğŸ“ğŸ“ğŸ“ my secret network of spies ğŸ•µï¸â€â™‚ï¸ğŸ•µï¸â€â™‚ï¸ğŸ•µï¸â€â™‚ï¸ğŸ•µï¸â€â™‚ï¸ğŸ•µï¸â€â™‚ï¸ğŸ•µï¸â€â™‚ï¸ğŸ•µï¸â€â™‚ï¸ across the USA ğŸ‡ºğŸ‡¸ğŸ‡ºğŸ‡¸ğŸ‡ºğŸ‡¸ğŸ‡ºğŸ‡¸ğŸ‡ºğŸ‡¸ğŸ‡ºğŸ‡¸ğŸ‡ºğŸ‡¸ğŸ‡ºğŸ‡¸ğŸ‡ºğŸ‡¸ğŸ‡ºğŸ‡¸ğŸ‡ºğŸ‡¸ğŸ‡ºğŸ‡¸ğŸ‡ºğŸ‡¸ğŸ‡ºğŸ‡¸ğŸ‡ºğŸ‡¸ğŸ‡ºğŸ‡¸ğŸ‡ºğŸ‡¸ğŸ‡ºğŸ‡¸ğŸ‡ºğŸ‡¸ğŸ‡ºğŸ‡¸ğŸ‡ºğŸ‡¸ğŸ‡ºğŸ‡¸ğŸ‡ºğŸ‡¸ğŸ‡ºğŸ‡¸ and your IP is being traced ğŸ•µï¸â€â™‚ï¸ right now ğŸ‘‡ğŸ‘‡ğŸ‘‡ğŸ‘‡ so you better prepare ğŸ™ğŸ™ğŸ™ğŸ™ğŸ™ for the storm ğŸŒ§ğŸŒ§ğŸŒ§ğŸŒ§ğŸŒ§, maggot ğŸğŸğŸğŸ. The storm  ğŸŒ§ ğŸŒ§ that wipes out the pathetic little thing ğŸ¦ğŸ¦ğŸ¦ğŸ¦ğŸ¦ you call your life ğŸ§¬ğŸ§¬ğŸ§¬ğŸ§¬ğŸ§¬ğŸ§¬. You're fucking dead â˜ â˜ â˜ â˜ , kid ğŸ‘¶ğŸ‘¶ğŸ‘¶ğŸ‘¶. I can be anywhere ğŸŒğŸŒğŸŒ, anytime ğŸ•ğŸ•ğŸ•ğŸ•ğŸ•, and I can kill you ğŸ”ªğŸ”ªğŸ”ªğŸ”ªğŸ”ª in over seven hundred ways ğŸ˜©ğŸ˜©ğŸ˜©ğŸ˜©ğŸ˜©, and that's just with my bare hands ğŸ‘ŠğŸ‘ŠğŸ‘ŠğŸ‘ŠğŸ‘ŠğŸ‘ŠğŸ‘Š. Not only am I extensively trained in unarmed combat ğŸ˜©ğŸ‘ŠğŸ”ª, but I have access ğŸ¦¾ğŸ¦¾ğŸ¦¾ to the entire arsenal ğŸ”«ğŸ”«ğŸ”«ğŸ”«ğŸ”«ğŸš€ğŸš€ğŸš€ğŸš€ğŸš€ of the United States ğŸ‡ºğŸ‡¸ğŸ‡ºğŸ‡¸ğŸ‡ºğŸ‡¸ğŸ‡ºğŸ‡¸ğŸ‡ºğŸ‡¸ğŸ‡ºğŸ‡¸ğŸ‡ºğŸ‡¸ğŸ‡ºğŸ‡¸ğŸ‡ºğŸ‡¸ğŸ‡ºğŸ‡¸ğŸ‡ºğŸ‡¸ğŸ‡ºğŸ‡¸ğŸ‡ºğŸ‡¸ğŸ‡ºğŸ‡¸ğŸ‡ºğŸ‡¸ğŸ‡ºğŸ‡¸ğŸ‡ºğŸ‡¸ğŸ‡ºğŸ‡¸ğŸ‡ºğŸ‡¸ğŸ‡ºğŸ‡¸ğŸ‡ºğŸ‡¸ğŸ‡ºğŸ‡¸ğŸ‡ºğŸ‡¸ğŸ‡ºğŸ‡¸ğŸ‡ºğŸ‡¸ğŸ‡ºğŸ‡¸ğŸ‡ºğŸ‡¸ğŸ‡ºğŸ‡¸ğŸ‡ºğŸ‡¸ğŸ‡ºğŸ‡¸ Marine Corps âš“âš“âš“âš“âš“âš“ and I will use it to its full extent ğŸ¹ğŸ¹ to wipe your miserable ass ğŸ‘ğŸ‘ğŸ‘ğŸ‘ğŸ‘ off the face of the continent ğŸŒğŸŒğŸŒğŸŒğŸŒ, you little shit ğŸ’©ğŸ’©. If only you could have known ğŸ’­ğŸ’­ğŸ’­ğŸ’­ğŸ’­ what unholy retribution âœâœâœâœâœ your little ""clever"" comment ğŸ’¬ğŸ’¬ğŸ’¬ğŸ’¬ğŸ’¬ was about to bring down upon you ğŸ”½ğŸ”½ğŸ”½ğŸ”½ğŸ”½, maybe you would have held ğŸ›‘ğŸ›‘ğŸ›‘ğŸ›‘ğŸ›‘ğŸ›‘ your fucking tongue ğŸ‘…ğŸ‘…ğŸ‘…ğŸ‘…ğŸ‘…ğŸ‘…. But you couldn't ğŸ˜¨ğŸ˜¨ğŸ˜¨ğŸ˜¨ğŸ˜¨ğŸ˜¨ğŸ˜¨, you didn't ğŸ˜±ğŸ˜±ğŸ˜±ğŸ˜±, and now you're paying the price ğŸ¤•ğŸ¤•ğŸ¤•, you goddamn idiot ğŸ’€ğŸ’€ğŸ’€. I will shit ğŸ’©ğŸ’©ğŸ’©ğŸ’©ğŸ’© fury all over you ğŸ™ğŸ™ğŸ™ğŸ™ and you will drown in it ğŸ’¦ğŸ’¦ğŸ’¦ğŸ’¦ğŸ’¦ğŸ’¦. You're fucking dead ğŸ’€, kiddo ğŸ‘¶ğŸ‘¶ğŸ‘¶ğŸ‘¶."
hnfeku,ğŸ˜”,iâ€™dğŸ˜–climbğŸ’”everyğŸ˜­ mountainâ›°ï¸&ğŸ’swimğŸŠeveryâ¡oceanğŸ˜”
hndojz,Doin yuor mom ğŸ˜‚ğŸ˜‚," I'm ğŸ˜ doin' ğŸ’¯ your ğŸ‘‰ mom ğŸ‘ª, Yes ğŸ˜ yours! First â˜1ï¸âƒ£ saw ğŸ‘ her ğŸ˜ in the Wal-Mart ğŸªğŸ’² pickin' ğŸ” out your ğŸ‘‰ drawers ğŸ¨ Big ğŸ† Dolly Parton ğŸ’ˆ hair ğŸ’ˆ like ğŸ˜„ an 80's ğŸ’¾ prom ğŸ‘¸ queen ğŸ‘© But ğŸ‘ her ğŸ‘±â€â™€ï¸ğŸ˜‰ ass ğŸ‘ was lookin ğŸ‘€ good ğŸ‘ all ğŸ’¯ up â˜ in them mom ğŸ‘ª jeans ğŸ‘– I ğŸ‘¥ approached ğŸš¶â€â™‚ï¸ her ğŸ‘±â€â™€ï¸ğŸ‘µ in the checkout line â–, and said ğŸ’¬ yo ğŸ» baby ğŸ¼ wassup? She ğŸ‘© had two ğŸ’ gallons ğŸ˜©ğŸ˜‚ of milk ğŸ¥›, and I ğŸ‘¥ was starin at her ğŸ’¦ğŸ°ğŸ† jugs ğŸ¤¢. Five âœ‹ minutes â° later ğŸ•‘ she ğŸ‘© agreed ğŸ˜¸ to get ğŸ’ªğŸ¿ with me So we went ğŸ’¨ and rocked ğŸ¸ the minivan like ğŸ˜„ Giggity. Giggity. Giggity."
hndn6c,"Fuck ğŸ‘‰ğŸ‘Œ you ğŸ‘ˆ, Peacefulmomoman. You ğŸ‘ˆ are so stupid ğŸ˜¡. Fuck ğŸ† you ğŸ˜‚ fuck ğŸ† you ğŸ‘ˆ fuck ğŸ† you ğŸ˜‚"," 

Peacfulmomoman

>Someone ğŸ‘¤ doesnâ€™t specifically ğŸ’ put ğŸ‘ that title ğŸ¤­ğŸ¤¤ğŸ† into their search ğŸ” bar â¸ğŸ”’ if they havenâ€™t heard ğŸ‘‚ of it

&#x200B ğŸ˜ŒğŸ‘©ğŸ˜€;

I ğŸ‘¥ think ğŸ¤” I'm ğŸ˜œ funny ğŸ˜ƒ

>@ Peacefulmomoman yeah ğŸ‘ğŸ», no ğŸš« shit ğŸ’© they wouldnâ€™t put ğŸ‘ that title ğŸ¤” into their search ğŸ” bar ğŸ¹ if they havenâ€™t heard ğŸ‘‚ of it. If you ğŸ˜‚ put ğŸ‘ that title ğŸ¤” into your ğŸ‘‰ search ğŸ§ bar â¸ğŸ”’ then obviously âš¡ you ğŸ‘ˆ would have heard ğŸ‘‚ of it. How would someone ğŸ‘¤ put ğŸ‘ that title ğŸ˜ into their search ğŸ” bar ğŸ¹ and not have heard ğŸ‘‚ of it. You ğŸ‘ˆ canâ€™t specifically ğŸ’ put ğŸ‘ that title ğŸ˜ into your ğŸ‘‰ search ğŸ§ bar â¸ğŸ”’ and not have heard ğŸ‘‚ of it other wise ğŸ‘³â€â™‚ï¸ you ğŸ˜‚ wouldnâ€™t have put ğŸ‘ that title ğŸ˜ into your ğŸ‘‰ search ğŸ” bar â¸ğŸ”’.

&#x200B ğŸ’£;

What doing

>@ I ğŸ‘¥ think ğŸ¤” I'm ğŸ˜ funny ğŸ˜ƒ I ğŸ‘¥ absolutely ğŸ’¯ agree ğŸ‘. Fuck ğŸ‘‰ğŸ‘Œ you ğŸ‘ˆ, Peacefulmomoman. You ğŸ‘ˆ are so stupid ğŸ˜¡. Fuck ğŸ† you ğŸ˜‚ fuck ğŸ† you ğŸ‘ˆ fuck ğŸ† you ğŸ˜‚"
hncpgm,Gabbie Hanna,"I climbed ğŸ§—â€â™€ï¸ out of my ğŸ§  head ğŸ‘§ and watched â° myself ğŸ˜³ implode ğŸ’£ a thought ğŸ’­ without a body ğŸƒ ought ğŸ˜” to be a shot ğŸ”« to take a load ğŸ’¦ off my brain ğŸ§  is poisoned ğŸ¤¢ and Iâ€™m searching ğŸ”­ for the antidoteğŸ˜°but every ğŸ¤© time ğŸ‘€i ğŸ’€find ğŸ’–it ğŸ˜¨my defensesğŸ¥© scream ğŸ™€oh ğŸ˜¿no ğŸ¤§you ğŸ˜¡donâ€™t ğŸ˜± ğ“¦ğ“¸ğ“ªğ“±..ğŸ˜³but ğŸ˜•itâ€™s ğŸ¤”fine, ğŸ˜¯no ğŸ¥±really ğŸ˜²im ğŸ˜¬fine ğŸ¤£"
hncdnz,Pee pee poo poo,I have shid ğŸ’ me run ğŸ’ƒ to ğŸš½ to make big ğŸ’©I   Make big ğŸ’© my mommy ğŸ‘± angry ğŸ‘º me not allowed to go fishing ğŸ£
hnbz9z,ğŸ˜¤,"ğŸ‘®ğŸ½ğŸš¨ğŸš” PULLOVER ğŸ‘®ğŸ½ğŸš¨ğŸš”

ğŸ˜¤Put your hands behind your backğŸ˜¤

ğŸ—£I'm taking you into custodyğŸ—£

ğŸ“And registering you as ağŸ“

ğŸ”¥ğŸ˜©FLEX OFFENDERğŸ˜©ğŸ”¥"
hnbr0m,Dula PeepğŸ˜³ğŸ¤­,ğŸ’ğŸ˜oh babyğŸ¥ºğŸ¥°am IğŸŒ·ğŸ’‹falling in loveğŸŒ¸ğŸ’«with the oneğŸ˜šâ£ï¸that couldğŸ˜³âœ¨break my heartğŸ’”ğŸŒ§
hnbqjv,My crush ğŸ’¦told on meğŸ˜©,"I ğŸ‘¥ am in 5th grade ğŸ“.. I ğŸ‘ have a crush ğŸ’¥ğŸ’ª on this girl ğŸ‘§ her ğŸ’¦ğŸ°ğŸ† hair ğŸ’ˆ smells ğŸ‘ƒ like ğŸ‘ roses ğŸŒ¹ and her ğŸ°ğŸ˜â¤ personality ğŸ‘¥ is golden ğŸ¤© so I ğŸ‘¥ decided ğŸ‘¯ to peacefully fap ğŸ’¦ğŸ† to her ğŸ’¦ğŸ°ğŸ† beautiful ğŸŒ„ face ğŸ˜€ in the middle âš« of math â•â–âœ– because it was SOOO boring ğŸ˜´ğŸš« ğŸ˜‚ğŸ˜‚ğŸ˜‚ savage ğŸ¥µğŸ™ˆğŸŒ anyways ğŸ”› she ğŸ‘©ğŸ½ caught ğŸ£ me and i ğŸ‘¥ was thinking ğŸ’­ she ğŸ‘©ğŸ½ liked ğŸ‘ğŸ» it making ğŸ›  winks ğŸ˜œ and smiling ğŸ˜ to her ğŸ˜ but ğŸ‘ she ğŸ‘© did not like ğŸ˜„ it. ğŸ˜’ğŸ¤”ğŸ˜•so weird ğŸ˜•. she ğŸ‘© screamed ğŸ˜± then she ğŸ‘© started ğŸ’¢ running ğŸƒâ€â™‚ï¸ to the principal office ğŸ¢ ğŸ˜¢ğŸ™„ğŸ˜¬i cant âŒ stand ğŸš¹ that boomer ğŸŒğŸ» ğŸ˜‚ savage ğŸ¥µğŸ™ˆğŸŒ ğŸ’¯ğŸ˜ anyway ğŸ”› when â° she ğŸ‘© reported ğŸ§ me she ğŸ‘© started ğŸ’¢ spreading ğŸ’° it ğŸ˜­ğŸ™„ğŸ™„ğŸ™„ğŸ˜now people ğŸ‘« call ğŸ“ me weird ğŸ˜² and a 'loser' ğŸ³ like ğŸ˜„ whatt!???? ğŸ™„ im ğŸ˜ totally ğŸ’¯ a winner ğŸ† and part ğŸ† of the logang ğŸ‘ŒğŸ’¯ âœ”ï¸âœ”ï¸âœ”ï¸ğŸ‘ğŸ˜‚ğŸ¥‡ğŸ˜ she ğŸ‘© now told ğŸ—£ her ğŸ°ğŸ˜â¤ parents ğŸ¤µğŸ‘° and im ğŸ˜œ trying ğŸ’¯ to break ğŸ’” in her ğŸ‘±â€â™€ï¸ğŸ‘µ house ğŸ  ğŸ¡ğŸ˜‰ğŸ’ªâœ”ï¸ i ğŸ‘¥ will do many ğŸ‘¬ things ğŸ“ to her ğŸ’¦ğŸ°ğŸ’‹ since ğŸ‘¨ she ğŸ‘© didnt like ğŸ˜„ my fap ğŸ’¦ğŸ† ğŸ˜…ğŸ˜‚ğŸ˜‚ğŸ˜‚ğŸ˜ğŸ˜ she ğŸ‘© geting punsihed ğŸ¤£ğŸ¤£ğŸ¤£ğŸ¤£anyways im ğŸ˜œ gonna ğŸ¤¸â€â™€ï¸ set ğŸ‘Œ the ladder up â˜ âœ”ï¸ğŸ¤“ğŸ˜‹ then go ğŸƒ to her ğŸ°ğŸ˜â¤ bedroom ğŸ˜Œ. ğŸ¤—ğŸ˜ğŸ˜Š Hahahah ğŸ˜‚ ok ğŸ‘Œ wish ğŸ™ me good ğŸ‘Œ luck âš ğŸ€ rediit and pls ğŸ˜­ğŸ˜ğŸ˜³ give ğŸ‘‰ award ğŸ… so i ğŸ‘¥ can share ğŸ‘ğŸ– my savage ğŸ¥µğŸ™ˆğŸŒ story ğŸ“–, ğŸ¤£ğŸ¤£ğŸ˜‚ğŸ˜ğŸ˜ğŸ’¯ğŸ’¯ğŸ‘ thanks ğŸ™ redit ğŸ˜ and logangğŸ’ªğŸ˜ğŸ¤“"
hnbpde,ğŸ™ˆğŸ™ˆ,â„ğ•€ğ”»ğ”¼ ğŸ‘º ğ”»ğ•†â„•ğ•‹ğŸ™…â€â™€ï¸ ğ”»ğ•€â„‚ğ•‚ â„ğ•€ğ”»ğ”¼ ğŸ™â€â™€ï¸ ğ•ƒğ”¼ğ”¸ğ•ğ”¼ â¡ï¸ ğ•€ğ•‹ ğ•‹ğ•† ğ•‹â„ğ”¼ ğ”‡ğ”’ğ”˜ğ”…ğ”ğ”ˆ ğ•‹â„ğ•€â„‚â„‚ ğŸ ğ•‹â„ğ•€ğ”¾â„ğ•Š âœ¨ ğ•‹ğ•ğ•€â„• ğ•Šğ•€ğ•Šğ•‹ğ”¼â„ğ•Š ğŸ‘¯â€â™€ï¸ ğ”»â„ğ•†â„™ â¬‡ï¸ ğ•€ğ•‹ ğ”»ğ•†ğ•â„• â„• ğ•ğ•†ğ”¹ğ”¹ğ•ƒğ”¼ ğ•ğ•†ğ”¹ğ”¹ğ•ƒğ”¼ ğŸ‘â€ğŸ—¨ğŸ¶ ğ•Œâ„™ ğŸ” ğ•„ğ”¸ğ•„ğ•€ ğ”¹ğ•†ğ•†ğ•‹ ğ•€ğ•‹ ğ•Œâ„™ ğŸ˜ğŸ¥´
hnbn7b,Love textğŸ¥ºâœ¨,âœ¨ğŸ’oh babyğŸ¥°ğŸ˜your theğŸ’–ğŸ˜šsunshineğŸŒ¼ğŸŒon myğŸ˜œğŸŒ·darkest daysğŸŒ‘ğŸŒ§i love uğŸ’˜ğŸ’«ğŸŒ·
hnav34,R/emojipasta,"I ğŸ‘canğŸ™‹ğŸ»â€â™‚ï¸ be ğŸyourğŸ‘‰ sugar ğŸ‚whenğŸ˜Œ you'reğŸ‘‰ fiendin' ğŸ¤ªfor âœŒï¸that ğŸ˜†sweet ğŸ˜‹spotâ­•ï¸
PutğŸ§šğŸ»meğŸ‘©ğŸ»in ğŸ™‹ğŸ»â€â™‚ï¸your ğŸ‘‰mouthğŸ‘„, babyğŸ‘¶ğŸ¼and âœ¨eat ğŸ˜›itğŸ¤¡til ğŸ¥´yourğŸ‘‰teethğŸ¦·rotğŸ¤¢"
hnaut9,R/emojipasta, Ohâœ¨toğŸ§šğŸ»seeğŸ‘€withoutğŸ™…ğŸ»â€â™€ï¸myğŸ’eyesğŸ‘theâœ¨firstğŸ‘†timeğŸ•’thatğŸ§šğŸ»weğŸ˜ŒkissedğŸ˜˜
hn9y7g,Lucky Charms Essay on Warplanes,"https://www.reddit.com/r/F35Lightning/comments/hkf3qm/unconfirmed_india_is_ready_to_abandon_the_su57/fwx54pp/

India already [withdrew](https://www.thedrive.com/the-war-zone/20347/its-no-surprise-india-finally-ditched-its-stealth-fighter-program-with-russia) from joint development of the Su-57 in '18. ğŸ‡·ğŸ‡º had cut down on its own planned purchases of the âœˆï¸ due to budget pressures, which â¬†ï¸ the cost for ğŸ‡®ğŸ‡³, angering New Delhi. Then there's the fact that the engine is an ""interim"" one whose stealth isn't up to par. Since the program started in '06 only 10 prototypes & 1 serial production âœˆï¸ have been built, & the serial production model [promptly crashed](https://www.google.com/amp/s/tass.com/emergencies/1102811/amp).

The Su-57 is likely to be the aerial counterpart to the T-14 Armata. ğŸ‡·ğŸ‡º originally wanted >2,000 of the tanks by 2020, then 2025, and have now [rejected full rate production](https://www.thedrive.com/the-war-zone/22600/russia-cant-afford-its-new-t-14-armata-tanks-turns-to-updated-older-designs-instead) altogether in favor of a limited ""test batch"".

Moscow simply doesn't have the ğŸ’° to replace its massive Soviet-era arsenal today, even IF it can still do the R&D. It's a catch-22 b/c if they focus on upgrading existing equipment to maintain their image as a great military power, that leaves fewer rubles for new toys. Then there's all the ğŸ’° needed to spend on the strategic â˜¢ï¸ğŸš€ stuff like submarines.

The strategy they'll probably adopt for all forces is the one they've taken for the navy: scale back expectations & focus on core capabilities. ğŸ‡·ğŸ‡º hasn't built a surface ship greater than 5,000 tons since the end of the USSR. Destroyers are replaced w/ frigates, frigates w/ missile boats, & so on. Fantasies like carriers are [put aside](https://en.m.wikipedia.org/wiki/Project_23000E), & ğŸ‡·ğŸ‡º interests retrenched from to green to brown water."
hn8r01,sis,ğŸ™ˆr-r-r-rollğŸ’¿upâ¬†ï¸to2ï¸âƒ£theğŸ¤©partyğŸ¥³withğŸ§¶myğŸ§šcrazyğŸ¤ªpinkğŸ’wigğŸ’‡ğŸ¼â€â™€ï¸ Canâ€™t ğŸš« get ğŸš¶â€â™‚ï¸through ğŸ§šâ€â™€ï¸ the ğŸ™€ door ğŸšª cause ğŸ˜½ my ğŸš¸booty ğŸ to ğŸ•¸ big ğŸ”´ One â˜ï¸ percent ğŸŒ is ğŸ‘£ human ğŸ•º and ğŸ¤±99 ğŸ¤˜is ğŸ”µ plastic ğŸ“• Just ğŸ˜‡ a ğŸ¤– sec ğŸ•¡ I ğŸ”” need ğŸ”· to ğŸ´fix ğŸ’Ÿ my ğŸµ lips ğŸ‘„
hn4if2,ğŸ˜«ğŸ’”,heart â¤ï¸been broke ğŸ’” so many times â° i i donâ€™t ğŸ¤·â€â™€ï¸know what to believe ğŸ’­ yeah ğŸ‘ mama ğŸ‘©ğŸ¾ said itâ€™s my fault ğŸ‘ğŸ¿
hn4et8,my pp,myğŸ–ğŸ»ğŸ˜³ballsğŸ¤¤itchğŸ¥µ
hn2xzj,SOCKS," ok ğŸ‘Œ guys, relax, ğŸ›‹ğŸ› they ğŸ’¥ are just ğŸ‘Œ fucking ğŸ‘Œ socks, it's ğŸ˜‰ impossible for â“ğŸ’¯ socks to turn ğŸƒğŸšŸ me gay, ğŸ˜‚ğŸ‘§ my ğŸ…±ğŸ™ heterosexuality will âš½ğŸ‘Œ be ğŸ¥œğŸ fine ğŸ‘Œ dudes ğŸ¸ğŸ¸ A-Ah ğŸ…± shit... ğŸ‘» Y-your cock ğŸ˜±ğŸŒ is so ğŸ‘‰ğŸ¤” big, and in ğŸ‘ğŸ‘‰ my ğŸ‘–ğŸ‘€ ass ğŸ’¦ already\~?! ğŸ™ Mnn.. Faster... HARDER! ğŸ†ğŸ”¨ Turn ğŸ”„ me into ğŸ˜‚ your dream femboy slut\~! ğŸ‘… Penetrate ğŸ‘‰ğŸ‘‰ me ğŸ» until ğŸ’¯ğŸ•“ i ğŸ’¦ burst! Mmmm\~ ğŸ˜‹ Soothe me, caress me, FUCK ME, ğŸ˜ğŸ† BREED ME! Probe your ğŸ¼ thick, wet, throbbing cock deeper ğŸ’¦ and DEEPER INTO ğŸšŸ MY ğŸ‘¨ VIRGIN ğŸ” BOIPUSSY\~!! Ah... ğŸ˜² AHHH! AHHHNNN\~! I-I'M CUMMING, ğŸ’¦ I'M ğŸ™‡ CUMMING! CUM WITH ğŸ‘ ME ğŸ»ğŸ˜ TOO! ğŸ˜ğŸ˜² DRENCH ME, â¤ğŸ’¦ I'LL â™‚â„¹ DO THE ğŸ‘ğŸ¿ SAME! â—ğŸ¤¢ AND ğŸ‘ I'LL SWALLOW ğŸ¤¢ğŸ¤¢ YOUR ğŸ’ƒğŸ’ STICKY ğŸ’¦ğŸ’¦ ESSENCE ALONG WITH YOU\~! ğŸ» I'M YOUR PERSONAL CUMBUCKET\~!! â¤ï¸ â¤ï¸ â¤ï¸"
hn2l3s,OkğŸ‘Œso,My momğŸ‘© got ğŸ…° new pairğŸ of heelsğŸ‘  and i got those heels ğŸ‘  and kicked my pet turtleğŸ¢ and then killedğŸ”ª ariana Grande â˜• i am now in jail LMAOğŸ˜œğŸ˜œğŸ˜œ and the i eggscapedğŸ¥š and playedğŸ® pokemon swordğŸ—¡ and shieldğŸ›¡ hahahahhahahh ğŸ˜†ğŸ˜†ğŸ˜†ğŸ˜†ğŸ˜†ğŸ˜†
hn10mh,Our father,"OurğŸ‡¨ğŸ‡³FatherğŸ‘¨ğŸ¾WhoğŸ¤”artğŸ¨inğŸ˜©heavenğŸ™, 
HallowedğŸŒ³beğŸThy Nameâ„¢ï¸
Thy Kingdom ğŸ‘‘come. ğŸ’¦
Thy WillğŸ§‘ğŸ¾â€ğŸ¦± beğŸdoneğŸ™Œ
onğŸ‘earthğŸŒasğŸ‘it ğŸ¤¡is in ğŸ†HeavenğŸ™Œ

GiveğŸ†usğŸ‡¨ğŸ‡³thisğŸ”¬ dayğŸ“†ourğŸ‡¨ğŸ‡³ dailyğŸ“†breadğŸ¥–
AndğŸ‘Œ forgiveğŸ˜€usğŸ‡¨ğŸ‡³ourğŸ‡¨ğŸ‡³trespassesğŸš«
asğŸ‘weğŸ‡¨ğŸ‡³forgiveğŸ˜€thoseğŸ‘ŒwhoğŸ¤” trespassğŸš« againstğŸš«usğŸ‡¨ğŸ‡³
AndğŸ‘Œlead ğŸ˜us ğŸ‡¨ğŸ‡³notğŸ’”intoğŸ† temptationğŸ˜
butğŸ‘deliverğŸ’ŒusğŸ‡¨ğŸ‡³fromğŸ‡²ğŸ‡½evilğŸ‡ºğŸ‡¸AmenğŸ™."
hmxdx4,My brain ğŸ§  is poisonedğŸ¼ And Iâ€™mğŸ™ˆ searching ğŸ”­ for the antidote ğŸ§ª,I climbed ğŸ§— out of my ğŸ’†â€â™‚ï¸ head and watched ğŸ‘ myself implode ğŸ§ ğŸŠ a thought â˜•ï¸ without a ğŸ¦— bodyğŸ§š OughtğŸ¥º to be ğŸŒ¸ the shotğŸ’ª to take ğŸšª a load ğŸ’ƒ off. My brain ğŸ§  is poisonedğŸ¼ And Iâ€™mğŸ™ˆ searching ğŸ”­ for the antidote ğŸ§ª ButğŸ¦ every ğŸ¤© timeâ° iğŸ§´ findğŸ§š it ğŸ– myğŸ¥€ defensesğŸ¥Š scream ğŸ—£ï¸oh âœ¨noâŒ youğŸ’ donâ€™t ğŸŒš           wOAhğŸ˜³
hmut5f,ğŸµğŸ™ˆğŸ™‰ğŸ™ŠğŸ’Monkeys ğŸ’ğŸ™ŠğŸ™‰ğŸ™ˆğŸµ,"I ğŸ‘¥ like ğŸ˜„ monkeys ğŸµ

I ğŸ‘¥ like ğŸ‘ monkeys ğŸ’.

The pet ğŸš«ğŸ¶ğŸ± store ğŸ¬ was selling ğŸ’¸ them for five âœ‹ cents ğŸ’³ a piece ğŸ§©. I ğŸ‘¥ thought ğŸ¤” that odd since ğŸ’¦ they were normally a couple ğŸš—ğŸ  thousand â™¾. I ğŸ‘¥ decided âœŒğŸ» not to look ğŸ‘€ a gift ğŸğŸ€ğŸ› horse ğŸ in the mouth ğŸ‘„. I ğŸ‘¥ bought ğŸ’¸ 200.

I ğŸ‘¥ like ğŸ‘ monkeys ğŸµ.

I ğŸ‘¥ took ğŸ‘« my 200 monkeys ğŸ™ˆ home ğŸ¡. I ğŸ‘¥ have a big ğŸ˜³ car ğŸš˜. I ğŸ‘¥ let ğŸ‘ one 1ï¸âƒ£ drive ğŸš¦. His ğŸ’¦ name ğŸ· was Sigmund. He ğŸ‘¨ was retarded ğŸ¤¦ğŸ¤·â‰. In fact ğŸ“šğŸ“–, none ğŸš« of them were really ğŸ’¯ bright ğŸ”†. They kept ğŸ˜£ punching themselves in their genitals ğŸµ. I ğŸ‘ laughed ğŸ˜¡. Then they punched ğŸ¤œğŸ‘Š my genitals ğŸ†ğŸ . I ğŸ‘¥ stopped âœ‹ laughing ğŸ¤£.

I ğŸ‘¥ herded them into my room ğŸ . They didn't adapt very ğŸ’¯ well ğŸ¤” to their new ğŸ†• environment â™». They would screech ğŸ¤¬, hurl themselves off of the couch ğŸ‘¬ at high ğŸ”« speeds ğŸš… and slam ğŸ˜¡ into the wall ğŸšª.

Although ğŸ˜ humourous at first â˜1ï¸âƒ£, the spectacle lost ğŸ›… its novelty halfway into its third ğŸ³ï¸â€ğŸŒˆ hour ğŸ˜ğŸ˜³.

Two âœŒ hours ğŸ• later ğŸ•‘ I ğŸ‘¥ found ğŸ” out why â“ all ğŸ’¯ the monkeys ğŸ™ˆ were so inexpensive: they all ğŸ’¯ died ğŸ˜µ. No ğŸ™… apparent ğŸ’¢ reason ğŸ˜’. They all ğŸ’¯ just sorta' dropped ğŸ˜± dead ğŸ’€. Kinda' ğŸ• like ğŸ˜„ when â° you ğŸ‘ˆ buy ğŸ’µ a goldfish and it dies ğŸ’€ five âœ‹ hours ğŸ˜ğŸ˜³ later âŒšâ±â³. Damn ğŸ˜¤ cheap ğŸ¦€ monkeys ğŸ’.

I ğŸ‘¥ didn't know ğŸ§  what to do. There were 200 dead â˜  monkeys ğŸ’ lying ğŸ¤« all ğŸ’¯ over ğŸ‘ my room ğŸ , on the bed ğŸ›Œ, in the dresser ğŸ‘—ğŸ‘ ğŸ’„, hanging ğŸ§šğŸ¼â€â™€ï¸â¤ğŸŒ¸ from my bookcase. It looked ğŸ‘€ like ğŸ˜„ I ğŸ‘¥ had 200 throw ğŸ˜· rugs ğŸ˜³.

I ğŸ‘ tried ğŸ‘‹ to flush one 1ï¸âƒ£ down â¤µ the toilet ğŸš½. It didn't work ğŸ’¼. It got ğŸ‘ stuck ğŸ§ . Then I ğŸ‘¥ had one â˜ dead â˜ , wet ğŸ’¦ monkey ğŸ™ˆ and 199 dead ğŸ’€, dry ğŸ¤¡ monkeys ğŸµ.

I ğŸ‘¥ tried ğŸ‡®ğŸ‡¹ pretending ğŸ¤§ğŸ˜­ that they were just stuffed ğŸ˜œ animals ğŸ•. That worked ğŸ‘·â€â™‚ï¸ for a while, that is until they began ğŸ†š to decompose. It started ğŸ†• to smell ğŸ‘ƒ real ğŸ’¯ bad ğŸ‘.

I ğŸ‘¥ had to pee ğŸ’¦ but ğŸ‘ there was a dead ğŸ’€ monkey ğŸ’ in the toilet ğŸš½ and I ğŸ‘¥ didn't want ğŸ˜ to call ğŸ“ the plumber. I ğŸ‘ was embarrassed ğŸ˜Š.

I ğŸ‘¥ tried ğŸ‡®ğŸ‡¹ to slow ğŸ˜ğŸğŸ˜³ down â¤µ the decomposition by freezing â„ğŸ˜± them. Unfortunately ğŸ˜”, there was only enough ğŸ’¦ room ğŸ¤´ğŸ‘¸ for two âœŒ monkeys ğŸ™ˆ at a time â° so I ğŸ‘ had to change ğŸ‘ them every ğŸ‘ 30 ğŸ” seconds ğŸ¥ˆ. I ğŸ‘ also ğŸ‘¨ had to eat ğŸ½ all ğŸ˜· the food ğŸ˜© in the freezer â„ğŸ˜± so it didn't all ğŸ’¯ go ğŸƒ bad ğŸ‘.

I ğŸ‘¥ tried ğŸ‘‹ burning ğŸ”¥ them. Little ğŸ‘Œ did I ğŸ‘¥ know ğŸ¤” my bed ğŸ›Œ was flammable. I ğŸ‘¥ had to extinguish ğŸ§¯ the fire ğŸ”¥.

Then I ğŸ‘¥ had one 1ï¸âƒ£ dead ğŸ’€, wet ğŸ’¦ monkey ğŸµ in my toilet ğŸš½, two âœŒ dead ğŸ’€, frozen â›„ monkeys ğŸ™Š in my freezer â„, and 197 dead â˜ , charred monkeys ğŸ’ in a pile ğŸ’© on my bed ğŸ›. The odour ğŸ’© wasn't improving.

I ğŸ‘¥ became ğŸš¡ agitated at my inability to dispose of my monkeys ğŸ™Š and to use ğŸ¤® the bathroom ğŸš¾ğŸ’£ğŸ’¢. I ğŸ‘¥ severely ğŸ“‰ beat ğŸ’– one â˜ of my monkeys ğŸ™ˆ. I ğŸ‘ felt ğŸ¤š better ğŸ‘.

I ğŸ‘¥ tried ğŸ‡®ğŸ‡¹ throwing ğŸ‘ğŸ’¢ them away â¡ but ğŸ‘ the garbage ğŸ‘³ğŸ¾â€â™‚ï¸ğŸ‘¨ğŸ¿â†™ man ğŸ‘¨ said ğŸ’¬ that the city ğŸŒƒ was not allowed âŒ to dispose of charred primates. I ğŸ‘¥ told ğŸ—£ him ğŸ‘´ that I ğŸ‘ had a wet ğŸ’¦ one â˜. He ğŸ‘¨ couldn't take ğŸ‘« that one â˜ either ğŸ¤”ğŸ‘¥. I ğŸ‘¥ didn't bother â˜ asking â‰ about the frozen â„ ones â˜.

I ğŸ‘¥ finally ğŸ‘† arrived ğŸ¤¡ at a solution ğŸ’¡ğŸ¤”. I ğŸ‘¥ gave ğŸ them out as Christmas ğŸ„ gifts ğŸ. My friends ğŸ‘¯â€â™‚ï¸ didn't know ğŸ¤” quite âœ… what to say ğŸ—£. They pretended that they like ğŸ˜„ them, but ğŸ‘ I ğŸ‘¥ could tell ğŸ—£ they were lying ğŸ¤¥.

Ingrates.

So I ğŸ‘¥ punched ğŸ¤œğŸ’¥ them in the genitals ğŸµ.

I ğŸ‘¥ like ğŸ‘ monkeys ğŸ™Š."
hmtyi4,My teacher ğŸ‘©â€ğŸ« confiscated my pencil âœï¸ so I threw her out of a window.,"My ğŸ™‚ teacher ğŸ‘©â€ğŸ«ğŸ—£ï¸ confiscated ğŸ–• my ğŸ˜ pencil âœï¸ğŸ¤£ğŸ˜‚ so I ğŸ˜³ threw ğŸˆ her ğŸ™‹ out ğŸ˜‚ğŸ˜‚ of a ğŸ¤ª windowğŸ˜¤ğŸ˜¤ğŸ˜¤, and I ğŸ˜° literally got arrested ğŸ•µï¸âš–ï¸ğŸ“œğŸ—ï¸, pretty cool huh ğŸ˜ğŸ˜ğŸ˜â“"
hmseaj,Mi burrito sabanero,"ğŸ¤¯ConğŸ˜¼mi ğŸ¦˜burrito ğŸŒ¯ sabanero ğŸŒ¾voy ğŸŒºcamino ğŸŒde ğŸ™ˆğŸ™‰BelÃ©nğŸ‘“ğŸ¤£Con ğŸ˜ƒmi ğŸ™‚burrito ğŸŒ¯sabanero ğŸŒ…voy âœï¸camino ğŸŒŸde BelÃ©nğŸ›¹Si ğŸ¤™ğŸ»me ğŸ™€ven, ğŸ˜si ğŸ˜˜me ğŸ¤ªvenğŸ˜®, voy ğŸ¥ºcamino ğŸ¤”de ğŸ¤—BelÃ©nğŸ¥´
Si ğŸ¤¤me ğŸ˜¥venğŸ˜², si ğŸ˜ºme ğŸ˜¸ven,ğŸ‘Š voy ğŸ¤²ğŸ»camino ğŸ¤©de ğŸ˜—BelÃ©nğŸ˜™"
hmqzf3,"AITA for asking my parents to read a piece I wrote, not warning them that it involves very sexual graphic depictions of cunnilingus?","âš ï¸There's 2ï¸âƒ£ thingsğŸš©ğŸš©youğŸ‘‰needğŸš¨to knowğŸ§  about meğŸ§â€â™‚ï¸: I'mâ˜ï¸ a 24ğŸ‘´yearğŸ“…oldğŸ‘´ manğŸ§â€â™‚ï¸ and Iâ˜ï¸ loveğŸ˜ eatingğŸ¥µ ğŸ˜»ğŸ˜»ğŸ˜»pussyğŸ˜»ğŸ˜»ğŸ˜». Seriouslyâ€¼â€¼ it's myğŸ’• favoriteğŸ’•thingğŸ˜ğŸ˜ and unlikeâ˜ï¸ğŸ›‘â˜ï¸ most ğŸ§â€â™‚ï¸ğŸ§â€â™‚ï¸malesğŸ§â€â™‚ï¸ğŸ§â€â™‚ï¸, Iâ˜ï¸ don'tğŸ™…â€â™‚ï¸have muchğŸ¤ªğŸ˜œ interestğŸ¥± in ğŸ™…â€â™‚ï¸blowjobsğŸš« or even ğŸ”sexğŸ”. I'mâ˜ï¸ alsoğŸ§ a writerâœâœâœand Iâ˜ï¸ ğŸ§ realizedğŸ¤¯ Iâ˜ï¸should ğŸ›‘ğŸ›‘ğŸ›‘stopğŸ›‘ğŸ›‘ğŸ›‘ tryingâœ” to writeğŸ‘¨â€ğŸ’» the nextâ­ ğŸ‘Œgreat ğŸ‡ºğŸ‡²AmericanğŸ‡ºğŸ‡² novelğŸ“—ğŸ“˜ğŸ“• and just âœwriteâœ what I ğŸ§ know...ğŸ¤­ğŸ˜

So Iâ˜ï¸ wroteâœ a â€¼ğŸ™„â€¼nonfictionâ€¼ğŸ™„â€¼ (butğŸ‘... ğŸŒ¸floweryğŸŒ¹, I'dâ˜ï¸ sayğŸ’¬) pieceğŸ˜ğŸ‘ğŸ˜ aboutğŸ¤” eatingğŸ¥µ ğŸ˜»pussyğŸ˜». â€¼It'sâ€¼ğŸš«notğŸš«ğŸ”ğŸ”ğŸ”pornğŸ”ğŸ”ğŸ”, ğŸ§it's likeğŸ‘ ğŸ–¥modernğŸŒ‡ day â“Anais Nin typeâ“ ğŸ‘¨â€ğŸ“intellectualğŸ§  ğŸ¥µsexualğŸ¥µ contentğŸ§. ğŸ™†â€â™€ï¸It'sğŸ§â€â™€ï¸alsoğŸ™‹â€â™€ï¸veryğŸ¤·â€â™€ï¸feministğŸ‘©â€âš–ï¸because there are ğŸ§â€â™‚ï¸menğŸ§â€â™‚ï¸ outâ¡ï¸ thereâ¡ï¸ (ğŸš«nayâ€¼, boysğŸ‘¨â€ğŸ‘¦â€ğŸ‘¦) who stillğŸ™„have childishğŸ‘¨â€ğŸ‘¦â€ğŸ‘¦ hangâ˜ï¸ups about FrenchğŸ‘¨â€ğŸ¨ kissingğŸ˜— a ğŸ‘©woman'sğŸ‘© ğŸ’¥delicateğŸ’£ ğŸŒ¹roseğŸ¥€. ğŸ™‡â€â™‚ï¸ApologiesğŸ™‡â€â™€ï¸ 4ï¸âƒ£ all myâ˜ï¸ ğŸ§variousğŸ¤“ ğŸ§euphemismsğŸ¤“. Like Iâ˜ï¸ saidğŸ—£, I'mâ˜ï¸ a âœwriterâœ. ğŸ™„ğŸ™„ğŸ™„

Myâ˜ï¸ ğŸ‘¨â€ğŸ‘©â€ğŸ‘§parentsğŸ‘¨â€ğŸ‘©â€ğŸ‘§ aren'tğŸš« 2ï¸âƒ£even4ï¸âƒ£ ğŸ˜conservativeğŸ¤­ butğŸ‘ they got really ğŸ˜µğŸ˜¶uncomfortableğŸ¤•ğŸ¥´ afterâ­ Iâ˜ï¸had ğŸ¢them ğŸ‘“ğŸ“–readğŸ“–ğŸ‘“ myâ˜ï¸ ğŸ°pieceğŸ“–. Myâ˜ï¸ momğŸ¤± saidğŸ—£ itğŸ¤•wasğŸ˜¶ağŸ¥´bitğŸ˜µtoo muchğŸ˜©forğŸ˜£herğŸ‘©. Iâ˜ï¸ askedâ“ herğŸ‘© â“whichâ“partâ“, and sheğŸ‘© saidğŸ—£allğŸ˜µofğŸ˜µitğŸ˜µbutğŸ‘ğŸ˜ğŸ‘specificallyâ— pointedğŸ‘‰ 2ï¸âƒ£ a lineğŸ“‰ (copyÂ©ï¸ pasteğŸ¥): ""Iâ˜ï¸ ğŸslitherğŸ myâ˜ï¸ ğŸ‘…tongueğŸ‘… ğŸ‘‰throughğŸ‘‰ herğŸ‘© sumptuousğŸ™„ flapsğŸ‘, lappingğŸ¶ ğŸ†™ï¸ herğŸ‘© ğŸ¥‡goldenğŸ¥‡ ğŸhoneyğŸ¯ with ğŸ˜³fervorğŸ¥µğŸ¥µ as Iâ˜ï¸ ğŸ˜ƒğŸ˜‰feelâ˜º herğŸ‘© ğŸ§ŠstiffeningğŸ§Š â“ğŸ¢â“turtlesâ“ğŸ¢â“ headğŸ¤• ğŸ‘‰pokingğŸ‘‰ into myâ˜ï¸ ğŸ‘ƒnostrilğŸ¤¥."" SheğŸ‘© and myâ˜ï¸ dadğŸ‘¨â€ğŸ¦± haveğŸ’ alwaysğŸ’— ğŸ’—been ğŸ’–supportiveâ¤ of myâ˜ï¸ ğŸ“âœwritingâœğŸ“ butğŸ˜‰ğŸ‘ theyğŸ‘¨â€ğŸ‘©â€ğŸ‘§ saidğŸ™Š this was ""ğŸ™„ğŸ™„privateğŸ™„ğŸ™„"" and they'dğŸ‘¨â€ğŸ‘©â€ğŸ‘§ ratherğŸš«ğŸ”ğŸš«notğŸš«ğŸ”ğŸš«readğŸ‘“anyğŸ˜«moreğŸš«stuffğŸ˜³aboutğŸ˜¤myâ˜ï¸ğŸ¥µğŸ¥µsexğŸ¥µğŸ¥µlifeğŸ’¨ğŸ’¨ğŸ’¨.

Iâ˜ï¸ have to admit â˜ï¸I'Mâ˜ï¸ a little offended because this is â˜ï¸myâ˜ï¸ art and Iâ˜ï¸ also believeğŸ’­ thisâ¬ is the pieceğŸ˜ğŸ‘ğŸ˜ that might actually be somethingğŸ¤­. Myâ˜ï¸ dadğŸ‘¨â€ğŸ¦± drawsğŸ‘¨â€ğŸ¨ğŸ‘¨â€ğŸ¨ in hisğŸ‘¨â€ğŸ¦± ğŸ‡ºğŸ‡²freeğŸ‡ºğŸ‡² timeğŸ•™ğŸ•šğŸ•ğŸ•‘ and this includes ğŸ¤­nudeğŸ¤« portraitsğŸ¨ğŸ‘©â€ğŸ¨ of peopleğŸ¤·â€â™‚ï¸ğŸ¤·â€â™€ï¸ we ğŸš«don'tğŸš« 2ï¸âƒ£4ï¸âƒ£even6ï¸âƒ£8ï¸âƒ£ knowğŸ¤·â€â™‚ï¸ğŸ¤·â€â™€ï¸.... so howâ‰ï¸â‰ï¸ is that okğŸ‘Œ but myâ˜ï¸ âœwritingâœ isn'tâ‰ï¸â‰ï¸â‰ï¸? 

ğŸ˜«ğŸ˜«ğŸ˜«AlasğŸ˜«ğŸ˜«ğŸ˜«. The âš ï¸perilsâš ï¸ of being in a ğŸ‘¨â€ğŸ‘©â€ğŸ‘§â€ğŸ‘¦family of ğŸ‘©â€ğŸ¨creativesğŸ‘¨â€ğŸ¨ ğŸ˜‚ğŸ¤£ğŸ˜‚lolğŸ¤£ğŸ˜‚ğŸ¤£. AnywayğŸ™„ğŸ™„ who's â‰ï¸ğŸ§ğŸ§ğŸ¤”in the wrongğŸ˜¡ğŸ˜¡ğŸ˜¡ğŸ˜¡?"
hmohgz,HeehehehğŸ˜ğŸ¤ª,"HappyğŸ˜ğŸ˜† 4ï¸âƒ£th of July ğŸ‡ºğŸ‡¸ you sexy ğŸ¤ªğŸ˜ğŸ’¦fucks, todayğŸ“… is a wonderfulğŸŒˆğŸ”¥ğŸŒŸ day to shove 54 sparklers âœ¨ğŸŒŸğŸ’«â­ï¸into your analğŸ¤¤ canal ğŸ˜ğŸ¤¤ğŸ¤¤while youâ€™re balls ğŸ€deep ğŸ˜®ğŸ˜¶ğŸ˜‹in mike pence ğŸ˜ğŸ‡ºğŸ‡¸ğŸŒˆ and watch it glow ğŸŒŸâœ¨â­ï¸ğŸ”¥like youâ€™ve never ğŸ™…â€â™€ï¸ğŸ™…â€â™€ï¸seenğŸ‘€ğŸ‘ beforeğŸ¤°ğŸ» donâ€™t ğŸ™…â€â™€ï¸forget to use your ğŸ˜­American flag ğŸ‡ºğŸ‡¸ğŸ¤ªas a human shield ğŸ‰ğŸ‰from the sparks â¤ï¸âœ¨and wear your cute ğŸ˜ğŸ¤¤confederate flag thongğŸ‘™ğŸ‡ºğŸ‡¸ğŸ¤ªğŸ˜ to get in â¡ï¸the holidayğŸ…ğŸ» spiritğŸ‡ºğŸ‡¸ğŸ‡ºğŸ‡¸ğŸ‡ºğŸ‡¸ğŸ‡ºğŸ‡¸â­ï¸ğŸ‰"
hmlrzl,Every fairy comment Iâ€™ve ever saved because I hate myself,"I support all women ğŸ¤©ğŸŒº but not this one ğŸ§šâ€â™€ï¸ğŸ¦‹

Tik Tok is for everyoneğŸ§šğŸ¼â€â™‚ï¸âœ¨except you â¤ï¸ğŸ¦‹ğŸŒˆ

â˜ºï¸ğŸ’–ğŸ­I was pro lifeğŸ’•ğŸ¥°â¤until I saw this trend ğŸ¨ğŸ’…ğŸ§šâ€â™€ï¸

âœ¨ğ“¢ğ“±ğ“¾ğ“½ ğ“½ğ“±ğ“® ğ“¯ğ“¾ğ“¬ğ“´ ğ“¾ğ“¹âœ¨

ice tea ğŸ¥°ğŸ§š but make it Clorox ğŸ¤©âœ¨

I support women â˜ºï¸âœŒï¸just not youğŸ’•ğŸ¥ºâ˜ºï¸ğŸ˜Š

try sitting in a chair ğŸ’ğŸ¥°ğŸ¦„âœ¨ but make it electric ğŸ§šğŸ»ğŸ’«ğŸ‘‘ğŸŒŸ

Everybody has a good sense of humor!ğŸ§šğŸ»â€â™€ï¸âœ¨ğŸŒˆğŸŒºğŸ¥°ğŸŒ¹ except youğŸ’…ğŸ¼ğŸŒŸâ˜€ï¸

politely pass away ğŸŒ¸ğŸŒ¸ğŸŒºğŸŒ 

oo baddieğŸ§šğŸ¼â€â™€ï¸ğŸŒ¸ğŸ˜Šremove the â€œbadâ€ thoğŸ˜

You going somewhere real high âœ¨â¤ï¸ğŸ§šğŸ»â€â™‚ï¸remember to jump off â¤ï¸ğŸ’•ğŸŒ¹

âœ¨ğŸ§šğŸ’«ğŸ’–ğŸ’–bob ross always said theres no such thing as bad accidents, ğŸ’«ğŸ§šğŸ’–âœ¨he clearly never met you âœ¨ğŸ§šğŸ’–ğŸ’«

Everyone has an outlet ğŸ§šâ¤ï¸ğŸŒ¸ğŸŒ¹âœ¨ğŸ¥º stick a fork in yours ğŸ˜ŒğŸ¥ºğŸ¤©âœ¨ğŸŒ¹ğŸŒ¸

ğŸ§šğŸ»â­ï¸ğŸ’«ğŸŒ¸ Hahaha I died ğŸŒºğŸŒ¸ğŸ§šğŸ»âœ¨ your turn âœ¨ğŸŒ¸ğŸŒº

Hey you dropped your crown!ğŸ’•ğŸŒ¿
dont pick it up ğŸ¤©ğŸ’•ğŸ’…ğŸ¤­ğŸ’«

I respect everyoneğŸ§šâ€â™€ï¸ğŸ’âœ¨ except youğŸ˜‡ğŸ’

I support all people of color ğŸ’ğŸ§šğŸ¼â€â™€ï¸ğŸ˜ğŸ¦‹ğŸ¦„ğŸ’–ğŸğŸŒ»not you though ğŸ¥°ğŸ’ğŸ’…ğŸ»âœ¨ğŸ§šğŸ¼â€â™€ï¸ğŸ’“ğŸ¥º

this comment section is mean ğŸğŸŒ»ğŸŒ·ğŸ¥°ğŸ¦‹ğŸ’ I understand why tho ğŸ’•ğŸ˜ğŸ¦„ğŸŒ¸


Tiktok is a safe placeğŸ™ˆğŸ’â¤ï¸just not for youğŸ§šğŸ½ğŸ’—ğŸ’•â¤ï¸âœ¨âœ¨ğŸ’…ğŸ½

HoneyğŸ™ˆğŸ’– you ARE the demonğŸ’• in your houseğŸ’ğŸ§šğŸ½ğŸ§šğŸ½âœ¨âœ¨ğŸ’…ğŸ½

Cruise but make it... ğŸŒˆâœ¨titanicâœ¨ğŸŒˆ

good morning ğŸ¥°ğŸ§šğŸ¼â€â™€ï¸âœ¨ to everyone except for youğŸ’…ğŸ¼âœ¨ğŸŒ¸ğŸ’œ

life is good ğŸ¥°ğŸ¦‹âœ¨ just not with you in it ğŸ§šâ€â™€ï¸ğŸ’“ğŸ’ğŸ’

i wish you were a flower ğŸŒºğŸ’«ğŸ§šâœ¨ğŸ¸ so i could step on you ğŸ¥°ğŸ’–âœ¨ğŸŒ»

i think you dropped this âš°ï¸âœ¨

Donâ€™t be shy cry some more ğŸ’ğŸ„ğŸ§šâ€â™€ï¸ğŸ”…

love the fan on ur ceiling ğŸ’•ğŸ˜âœ¨ its ur only fan tho âœ¨ğŸ§šâ€â™€ï¸ğŸŒ»

I usually pick up trash ğŸ’•ğŸ˜˜ğŸ’—ğŸ’«ğŸ§šğŸ»â€â™€ï¸but not you ğŸ—‘ âœ¨âœ¨ğŸ˜»

Go to sleepâœ¨ğŸ’—ğŸ¬ğŸ§ğŸ»â€â™€ï¸ğŸ’–And never wake upğŸ§šğŸ»â€â™€ï¸ğŸ¡ğŸ­ğŸ€

No one should get put down ğŸŒ¸ğŸ’•âœ¨ unless itâ€™s you âœŒğŸ¼ğŸ’“ğŸ’«

ğŸ¥°ğŸ¥°ğŸŒ¸ğŸŒºğŸ’ğŸŒ¹ğŸŒ·log off and never come backğŸŒ¸ğŸ§šğŸ»â€â™€ï¸ğŸŒºğŸ¦‹ğŸ¦‹ğŸ’â˜ºï¸â˜ºï¸

Everyone has soulmates ğŸ’•ğŸ¥°âœ¨ just not you ğŸ˜ğŸ’“ğŸ’«

itâ€™s not hard to find a better person than you ğŸ’•âœ¨

omg remember ğŸ’–ğŸ¥°â™¥ï¸press the draft button nextğŸŒ·ğŸ˜ğŸ¥°

You did that ğŸ§šâ€â™€ï¸ğŸ’– but never do it again ğŸ’•âœ¨

Thereâ€™s only one clown here ğŸŒºâœ¨ğŸŒ¸ğŸ’ğŸŒˆitâ€™s you ğŸ§šâ€â™€ï¸ğŸ¦„ğŸ¦‹ğŸŒ·â­ï¸

theyâ€™re just joking ğŸ˜ğŸ¦‹ğŸ’–âœ¨ actually theyâ€™re not ğŸ§šâ€â™€ï¸ğŸŒ¸ğŸ’•ğŸŒŸ

dont be sad king ğŸ‘‘, now u have a go-to costume for halloween ğŸ§šğŸ¿â€â™‚ï¸ğŸ’ ğŸ’«

Awe you snapped! ğŸ¥°ğŸ’–ğŸ’« next time make it your neck ğŸ§šâ€â™€ï¸ğŸ’ğŸ¦‹âœ¨

You give off main character vibes ğŸ§šâ€â™€ï¸âœ¨â¤ï¸ hope the story is 13 Reasons Why ğŸ’•ğŸ˜

If life was a movieğŸ˜ŠğŸ˜ I wouldnâ€™t watch yours ğŸ§šâ€â™€ï¸ğŸ˜˜ğŸ¤ªğŸ’–ğŸ’…

i love ur cotton shirtğŸ˜ğŸ˜âœ¨âœ¨ğŸ’•ğŸ’•ğŸ’•ğŸ’•ğŸ’•ğŸ§šğŸ»ğŸ§šğŸ»ğŸ§šğŸ»ğŸ§šğŸ» did u pick it yourself

ğŸ§šğŸ¼â€â™€ï¸âœ¨ğŸ’•ğŸŒ¸ğŸ˜ i have a chair for you just gotta plug it in first âœ¨ğŸŒ¸ğŸ’•ğŸ˜ğŸ§šğŸ¼â€â™€ï¸

JK JK JKğŸ’–âœ¨ğŸ§šâ€â™€ï¸ but the Js are silent ğŸ˜ğŸ§šâ€â™€ï¸âœ¨ğŸ’–

SueğŸ’“ğŸŒˆğŸ§šâ€â™€ï¸ğŸ‘‘but make it aside ğŸ˜ŒğŸ¦„ğŸ’“ğŸŒ¸â„ï¸

ğŸŒğŸ’ğŸŒŸyour skin reminds me of the sun ğŸ˜Œâ­ï¸âœ¨but replace un with hit ğŸ¥°ğŸŒ¸ğŸŒºğŸŒ¹

Youâ€™re bold for having confidenceğŸ§šâ£ï¸ğŸ’ next time donâ€™tâœ¨ğŸŒ¼

omgg girly!! ğŸ¥°ğŸ„ğŸ’…ur on my fyp ğŸ¦‹ğŸ™ˆğŸ’« time to refresh ğŸ§šâ€â™€ï¸ğŸ’–âœ¨

anne franke calledâœ¨ğŸ’• she said for u to come live with herğŸ’«ğŸŒ¼ğŸŒ»ğŸ§šâ€â™€ï¸

usually e is for effort, but in this case itâ€™s for executeğŸ§šğŸ½ğŸ¦‹âœ¨ğŸ¤

Youâ€™re serving âœ¨ğŸ’•ğŸ”®ğŸ’ğŸ˜™ ğŸ§œğŸ¼â€â™€ï¸guess weâ€™re starving ğŸ§šğŸ¼â€â™‚ï¸ğŸ’‹ğŸŒˆğŸ’«âœ¨ğŸ¥ºâ¤ï¸ğŸ’

reach for the stars âœ¨ğŸŒ¸ğŸ§šâ€â™€ï¸i hope they vaporize you ğŸ¥´ğŸ’–

You are really something specialğŸ§šâœ¨edâœ¨ğŸ§šâ¤ï¸

confidence is key ğŸ§šğŸ¼â€â™‚ï¸ğŸ¦‹âœ¨ğŸŒˆ the door staying locked tho

i loved that part â¤ï¸ğŸ’«ğŸ™ˆğŸŒˆ the part when it ended ğŸ§šğŸ»â€â™€ï¸âœ¨ğŸ’–ğŸ˜€

the comment had a purpose ğŸ§šğŸ’–ğŸ’• you donâ€™t ğŸ˜âœ¨

everyone makes mistakes âœ¨ğŸ§š your mom made the biggest ğŸ˜ğŸ’«

Sometimes I wish you were my dad â¤ï¸ğŸ˜˜ğŸ’…ğŸ½ğŸ§šğŸ¼â€â™€ï¸nonexistent ğŸ’“ğŸ¥°ğŸ’—ğŸ˜ğŸ’•

imagine being that talentedğŸ§šğŸ¼â€â™€ï¸âœ¨ğŸ’‹lmk when youâ€™re done imaginingğŸ˜ğŸ¥°â¤ï¸

You're here for a reason ğŸ˜ğŸ’…ğŸ’• I'm still trying to find it ğŸ§šâ€â™‚ï¸âœ¨ğŸŒ¸

youâ€™re so funny ğŸ˜‡ğŸ§šğŸ¼â€â™€ï¸âœ¨ looking

i hope youre a cancer ğŸ¤©ğŸ’—ğŸ§šâ€â™€ï¸not the zodiac sign tho ğŸ¥ºğŸ’œğŸ’‹

happy birthdayğŸ§šğŸ»ğŸ’–dont have one next yearâœ¨âœ¨

god said love your neighbor ğŸ¥°âœ¨guess iâ€™m movingğŸ§šğŸ¼âœ¨ğŸ¦‹ğŸŒ·ğŸ‘‘ğŸ’•

ğŸ’“ğŸ§šabraham linconâœ¨ğŸ’•ğŸ§šbut make it april 15, 1865âœ¨ğŸ§šğŸ’“


youâ€™d be a good baker! ğŸ’âœ¨ğŸ§šğŸ¥º a Hannah bakerâœ¨ğŸ’ğŸ§šğŸ˜Œ


su1cide is not the answer ğŸŒˆğŸ’• itâ€™s a question and the answer is yes! ğŸ§šâ€â™€ï¸ğŸ’—ğŸ¦‹

just hang in thereğŸ¥°ğŸ’–ğŸŒˆâœ¨then kick the chair overğŸ™ˆğŸ˜™ğŸŒˆğŸ’–

katy perry said thereâ€™s a spark in you ğŸ¥°ğŸ’–ğŸŒˆ so pour some gasoline on it ğŸ§šâ€â™€ï¸âœ¨â¤ï¸

you seem hungry ğŸ§šâ€â™‚ï¸ğŸ‘ğŸ’‹ğŸ’•ğŸŒ¸âœ¨grab the fork and see if theres any food behind the circuit!!ğŸŒˆğŸ¤©ğŸ’…ğŸ¼ğŸ¦‹ğŸ’œğŸ§œâ€â™€ï¸

letâ€™s hangğŸ§šğŸ¼â€â™€ï¸â¤ï¸ğŸŒ¸logan paul styleğŸ¦‹ğŸ˜âœ¨

Youâ€™re going places ğŸ§šâ€â™€ï¸â¤ï¸ğŸŒ·ğŸ’• hopefully itâ€™s 6ft underğŸ¦‹âœ¨ğŸ§šğŸ˜

I see you!!! ğŸŒºğŸ’ğŸ§šğŸ¿â€â™‚ï¸ğŸ§šğŸ½ but donâ€™t let it happen again

Nobodyâ€™s perfect ğŸ§šâœ¨ğŸ’– thanks for proving it ğŸŒ¸â­ï¸ğŸ’•

ğŸ§šâœ¨god has a plan for youğŸ’ğŸ’‹ but this isnâ€™t itğŸ˜ğŸ¥º

you servedğŸ’‹ ğŸ¥°ğŸ¦‹ğŸ˜I will not be tippingâœ¨ğŸ§šâ€â™‚ï¸ğŸ’ğŸ’•

I love your roomğŸ’–ğŸ§šğŸ»â€â™‚ï¸ğŸ’– ğŸ’« ğŸŒŸ not the person inside it tho :) x

Your dad ğŸ§šâ€â™€ï¸ğŸ’ğŸ­ğŸŒˆ but then your dad is silent ğŸ§šâ€â™‚ï¸ğŸŒˆğŸ’“ğŸ’ğŸ’–ğŸ’«ğŸŒŸğŸŒ·s

Everyone is born for a reasonğŸŒºğŸ¦‹âœ¨ğŸ’•whats yours?ğŸ§šğŸ¼â€â™‚ï¸âœ¨ğŸŒ¸ğŸ’§

Iâ€™m catching these vibesâœ¨ğŸ’–ğŸ§šğŸ¾ğŸ’•next time your gonna catch these handsğŸ˜Œ

aw these comment are so meanğŸ˜”ğŸ˜­ğŸ¥º listen to them pleaseğŸ§šğŸ’ğŸ¦‹ğŸ’˜.

keep your head upğŸ¥°ğŸ’«ğŸ§šğŸŒ¸ unless youâ€™re in waterğŸŒŠğŸ§šâ€â™€ï¸âœ¨ğŸ’•

two wrongs donâ€™t make a right ğŸ§šğŸ§šâœ¨âœ¨âœ¨âœ¨take your parents for example ğŸ¥°ğŸ¥°â¤ï¸ğŸ§š

You cried a bath of tears in this video ğŸ’ğŸ’–ğŸ§šğŸ¾ now put a toaster in it ğŸ˜ğŸ‘ğŸ’¯

IğŸ…ğŸcantâ˜£ï¸ğŸˆ²find the emojisğŸ”‡ğŸ”¹â¬œï¸âš«ï¸â™¦ï¸ğŸ‡§ğŸ‡¾ğŸ‡¨ğŸ‡®ğŸ‡§ğŸ‡´


âœ¨ğŸ§šâ€â™‚ï¸ğŸ¦‹you should go on a cruiseğŸ’–ğŸ¥°ğŸŒ¸perhaps the titanicğŸŒˆğŸ‘‘ğŸŒŸ

Bath time âœ¨ğŸŒºğŸ§šğŸ»ğŸ’ but plug in the ğŸ¦‹ğŸ’«ğŸŒ¸ğŸ¥° ğ“‰ğ‘œğ’¶ğ“ˆğ“‰ğ‘’ğ“‡ ğŸ’ğŸŒˆ


really wishing i was hellen keller rnğŸ¥°ğŸ˜ğŸ¥°ğŸ’—ğŸ’ğŸ§šğŸ»âœ¨ğŸ’«

I usually support equal rightsâœ¨ğŸ’• but not this timeğŸ’–ğŸ’«ğŸ§šâ€â™€ï¸

Domestic ğŸ’•ğŸ§šâ€â™€ï¸ğŸ˜Œbut make it abuse ğŸ’ğŸŒˆâœ¨

âœ¨ğŸ’•ğŸŒŸ Keep doing what youâ€™re doing, just not breathing ğŸ§šğŸ¼â€â™‚ï¸âœ¨ğŸŒ¹

ğŸ’•ğŸ¤ğŸ¥‚i was gonna keep scrollingğŸ˜ğŸ¦‹â˜ï¸I wish i hadğŸ§šâ€â™€ï¸ğŸ¥°â˜ºï¸

This is a great video âœŒğŸ»ğŸ§šğŸ»âœ¨ğŸŒŸğŸŒ¼ğŸŒ¸ğŸŒ¹ donâ€™t make more

i wish i was you! ğŸ˜âœ¨ oh sorry, i meant helen keller ğŸ’–ğŸ§šâ€â™‚ï¸"
hmkto3,á—·á•¼á‘Œá—´á”•á’Yá—´á”• ğŸ¤·sometimesâœ¨iğŸ™don'tğŸ˜¢wannağŸ˜±beğŸ˜¼happyğŸ§šdon'tâœ‹holdğŸ˜‡itğŸ¤ªagainstğŸ˜ˆmeğŸ™†,á—·á•¼á‘Œá—´á”•á’Yá—´á”• ğŸ¤·sometimesâœ¨iğŸ™don'tğŸ˜¢wannağŸ˜±beğŸ˜¼happyğŸ§šdon'tâœ‹holdğŸ˜‡itğŸ¤ªagainstğŸ˜ˆmeğŸ™†
hmi90o,Fuck it's the emoji police (jesus christ i spent way too much time on this),Oh ğŸ˜§ my ğŸ˜ god â˜ï¸â˜ï¸â˜ï¸â˜ï¸ğŸŒ¬ğŸŒ¬ğŸŒ¬ what's ğŸ¤¨ that ğŸ¤” ! Oh ğŸ˜®ğŸ˜®ğŸ˜®ğŸ˜² no ğŸ™…â€â™‚ï¸ğŸ™…â€â™‚ï¸ğŸ™…â€â™‚ï¸ğŸ™…â€â™‚ï¸ it's ğŸ‘‰ğŸ‘‰ğŸ‘‰ the ğŸ˜ğŸ˜ emoji ğŸ˜€ğŸ˜ƒğŸ˜„ğŸ˜ğŸ˜†ğŸ˜…ğŸ˜‚ğŸ¤£â˜ºï¸ğŸ˜ŠğŸ˜‡ğŸ™‚ğŸ™ƒğŸ™ƒğŸ˜ŒğŸ˜ğŸ¥°ğŸ˜˜ğŸ˜—ğŸ˜™ğŸ˜šğŸ˜‹ğŸ˜›ğŸ˜ğŸ˜œğŸ¤ªğŸ¤¨ğŸ§ğŸ¤“ğŸ˜ğŸ¤©ğŸ¥³ğŸ˜ğŸ˜’ğŸ˜ğŸ˜”ğŸ˜ŸğŸ˜•ğŸ™â˜¹ï¸ğŸ˜£ğŸ˜–ğŸ˜«ğŸ˜©ğŸ¥º police ğŸ‘®â€â™‚ï¸ğŸ‘®â€â™‚ï¸ğŸ‘®â€â™‚ï¸ğŸ‘®â€â™‚ï¸ğŸ‘®ğŸ‘®ğŸ‘®ğŸ‘®â€â™€ï¸ğŸ‘®â€â™€ï¸ğŸ‘®â€â™€ï¸ğŸ‘®â€â™€ï¸ğŸ‘®â€â™€ï¸ğŸ‘®ğŸ‘®â€â™‚ï¸ğŸ‘®ğŸ‘®ğŸ‘®â€â™‚ï¸ğŸ‘®â€â™‚ï¸ğŸ‘®â€â™‚ï¸ğŸ‘®ğŸ‘®â€â™€ï¸ğŸ‘®ğŸ‘®â€â™‚ï¸ğŸ‘®â€â™€ï¸ğŸš”ğŸš“ğŸš“ğŸš”ğŸš”ğŸš”ğŸš”ğŸš“ğŸš“ğŸš“ğŸš“ they ğŸ‘®ğŸ‘®ğŸ‘®ğŸ‘® 're ğŸš¶â€â™‚ï¸ğŸš¶â€â™‚ï¸ğŸš¶ğŸš¶ğŸš¶ğŸš¶â€â™€ï¸ğŸš¶â€â™€ï¸ğŸš¶â€â™€ï¸ğŸš¶â€â™‚ï¸ğŸš¶ğŸš¶â€â™€ï¸ gonna ğŸ¤”ğŸ¤”ğŸ˜¨ğŸ˜±ğŸ˜®ğŸ˜® kill ğŸ˜µğŸ˜µğŸ˜µğŸ˜µğŸ’€ğŸ’€ğŸ’€ğŸ’€ğŸ‘¿ğŸ‘¿ğŸ‘¿â˜ ï¸â˜ ï¸â˜ ï¸ğŸ‘»ğŸ‘»ğŸ‘» us ğŸ‘¶ğŸ‘§ğŸ§’ğŸ‘¦ğŸ‘©ğŸ§‘ğŸ‘¨ğŸ‘©â€ğŸ¦±ğŸ‘¨â€ğŸ¦°ğŸ§‘â€ğŸ¦±ğŸ‘±â€â™€ï¸ğŸ‘¨â€ğŸ¦±ğŸ‘±ğŸ‘©â€ğŸ¦°ğŸ‘±â€â™‚ï¸ğŸ§‘â€ğŸ¦°ğŸ‘©â€ğŸ¦³ğŸ§‘â€ğŸ¦³ğŸ‘¨â€ğŸ¦³ğŸ§”ğŸ‘µğŸ‘©â€ğŸ¦²ğŸ§“ğŸ§‘â€ğŸ¦²ğŸ‘´ğŸ‘¨â€ğŸ¦²ğŸ‘²ğŸ‘³â€â™€ï¸ğŸ‘³ğŸ‘³â€â™‚ï¸ğŸ§•ğŸ‘·â€â™€ï¸ğŸ‘·ğŸ‘·â€â™‚ï¸ğŸ’‚â€â™€ï¸ğŸ’‚ğŸ’‚â€â™‚ï¸ğŸ•µï¸â€â™€ï¸ğŸ•µï¸ğŸ•µï¸â€â™‚ï¸ğŸ‘©â€âš•ï¸ğŸ§‘â€âš•ï¸ğŸ‘¨â€âš•ï¸ğŸ‘©â€ğŸŒ¾ğŸ§‘â€ğŸŒ¾ğŸ‘¨â€ğŸŒ¾ğŸ‘©â€ğŸ³ğŸ§‘â€ğŸ³ğŸ‘¨â€ğŸ³ğŸ‘©â€ğŸ“ğŸ§‘â€ğŸ“ğŸ‘¨â€ğŸ“ğŸ‘©â€ğŸ¤ğŸ§‘â€ğŸ¤ğŸ‘¨â€ğŸ¤ğŸ§‘â€ğŸ­ğŸ‘©â€ğŸ«ğŸ‘¨â€ğŸ­ğŸ§‘â€ğŸ«ğŸ‘©â€ğŸ’»ğŸ‘¨â€ğŸ«ğŸ§‘â€ğŸ’»ğŸ‘©â€ğŸ­ğŸ‘¨â€ğŸ’»ğŸ‘©â€ğŸ’¼ğŸ§‘â€ğŸ’¼ğŸ‘¨â€ğŸ’¼ğŸ‘©â€ğŸ”§ğŸ§‘â€ğŸ”§ğŸ‘¨â€ğŸ”§ğŸ‘©â€ğŸ”¬ğŸ§‘â€ğŸ”¬ğŸ‘¨â€ğŸ”¬ğŸ‘©â€ğŸ¨ğŸ§‘â€ğŸ¨ğŸ‘¨â€ğŸ¨ğŸ‘©â€ğŸš’ğŸ§‘â€ğŸš’ğŸ‘¨â€ğŸš’ğŸ‘©â€âœˆï¸ğŸ§‘â€âœˆï¸ğŸ‘¨â€âœˆï¸ğŸ‘©â€ğŸš€ğŸ§‘â€ğŸš€ğŸ‘¨â€ğŸš€ğŸ‘©â€âš–ï¸ğŸ§‘â€âš–ï¸ğŸ‘¨â€âš–ï¸ğŸ‘°ğŸ¤µğŸ‘¸ğŸ¤´ğŸ¦¸â€â™€ï¸ğŸ¦¸ğŸ¦¸â€â™‚ï¸ğŸ¦¹â€â™€ï¸ğŸ¦¹ğŸ¦¹â€â™‚ï¸ğŸ¤¶ğŸ…ğŸ§™â€â™€ï¸ğŸ§™ğŸ§™â€â™‚ï¸ğŸ§â€â™€ï¸ğŸ§ğŸ§â€â™‚ï¸ğŸ§›â€â™€ï¸ğŸ§›ğŸ§›â€â™‚ï¸ğŸ§Ÿâ€â™€ï¸ğŸ§ŸğŸ§Ÿâ€â™‚ï¸ğŸ§â€â™€ï¸ğŸ§ğŸ§â€â™‚ï¸ğŸ§œâ€â™€ï¸ğŸ§œğŸ§œâ€â™‚ï¸ğŸ§šâ€â™€ï¸ğŸ§šğŸ§šâ€â™‚ï¸ğŸ‘¼ğŸ¤°ğŸ¤±ğŸ™‡â€â™€ï¸ğŸ™‡ğŸ™‡â€â™‚ï¸ğŸ’â€â™€ï¸ğŸ’ğŸ’â€â™‚ï¸ğŸ™…â€â™€ï¸ğŸ™…ğŸ™…â€â™‚ï¸ğŸ™†â€â™€ï¸ğŸ™†ğŸ™†â€â™‚ï¸ğŸ™‹â€â™€ï¸ğŸ™‹ğŸ™‹â€â™‚ï¸ğŸ§â€â™€ï¸ğŸ§ğŸ§â€â™‚ï¸ğŸ¤¦â€â™€ï¸ğŸ¤¦ğŸ¤¦â€â™‚ï¸ğŸ¤·â€â™€ï¸ğŸ¤·ğŸ¤·â€â™‚ï¸ğŸ™ğŸ™â€â™€ï¸ğŸ™â€â™‚ï¸ğŸ™â€â™€ï¸ğŸ™ğŸ™â€â™‚ï¸ğŸ’‡â€â™€ï¸ğŸ’‡ğŸ’‡â€â™‚ï¸ğŸ’†â€â™€ï¸ğŸ’†ğŸ’†â€â™‚ï¸ğŸ§–â€â™€ï¸ğŸ§–ğŸ§–â€â™‚ï¸ğŸ’…ğŸ¤³ğŸ’ƒğŸ•ºğŸ‘¯â€â™€ï¸ğŸ‘¯ğŸ‘¯â€â™‚ï¸ğŸ•´ğŸ‘©â€ğŸ¦½ğŸ§‘â€ğŸ¦½ğŸ‘¨â€ğŸ¦½ğŸ‘©â€ğŸ¦¼ğŸ§‘â€ğŸ¦¼ğŸ‘¨â€ğŸ¦¼ğŸš¶â€â™€ï¸ğŸš¶ğŸš¶â€â™‚ï¸ğŸ‘©â€ğŸ¦¯ğŸ§‘â€ğŸ¦¯ğŸ‘¨â€ğŸ¦¯ğŸ§â€â™€ï¸ğŸ§ğŸ§â€â™‚ï¸ğŸƒâ€â™€ï¸ğŸƒğŸƒâ€â™‚ï¸ğŸ§â€â™€ï¸ğŸ§ğŸ§â€â™‚ï¸ğŸ‘«ğŸ‘­ğŸ‘¬ğŸ‘©â€â¤ï¸â€ğŸ‘¨ğŸ‘©â€â¤ï¸â€ğŸ‘©ğŸ‘¨â€â¤ï¸â€ğŸ‘¨ğŸ‘©â€â¤ï¸â€ğŸ’‹â€ğŸ‘¨ğŸ‘©â€â¤ï¸â€ğŸ’‹â€ğŸ‘©ğŸ‘¨â€â¤ï¸â€ğŸ’‹â€ğŸ‘¨ğŸ‘¨â€ğŸ‘©â€ğŸ‘¦ğŸ‘¨â€ğŸ‘©â€ğŸ‘§ğŸ‘¨â€ğŸ‘©â€ğŸ‘§â€ğŸ‘¦ğŸ‘¨â€ğŸ‘©â€ğŸ‘¦â€ğŸ‘¦ğŸ‘¨â€ğŸ‘©â€ğŸ‘§â€ğŸ‘§ğŸ‘©â€ğŸ‘©â€ğŸ‘¦ğŸ‘©â€ğŸ‘©â€ğŸ‘§ğŸ‘©â€ğŸ‘©â€ğŸ‘§â€ğŸ‘¦ğŸ‘©â€ğŸ‘©â€ğŸ‘¦â€ğŸ‘¦ğŸ‘©â€ğŸ‘©â€ğŸ‘§â€ğŸ‘§ğŸ‘¨â€ğŸ‘¨â€ğŸ‘¦ğŸ‘¨â€ğŸ‘¨â€ğŸ‘§ğŸ‘¨â€ğŸ‘¨â€ğŸ‘§â€ğŸ‘¦ğŸ‘¨â€ğŸ‘¨â€ğŸ‘¦â€ğŸ‘¦ğŸ‘¨â€ğŸ‘¨â€ğŸ‘§â€ğŸ‘§ğŸ‘©â€ğŸ‘¦ğŸ‘©â€ğŸ‘§ğŸ‘©â€ğŸ‘§â€ğŸ‘¦ğŸ‘©â€ğŸ‘¦â€ğŸ‘¦ğŸ‘©â€ğŸ‘§â€ğŸ‘§ğŸ‘¨â€ğŸ‘¦ğŸ‘¨â€ğŸ‘§ğŸ‘¨â€ğŸ‘§â€ğŸ‘¦ğŸ‘¨â€ğŸ‘¦â€ğŸ‘¦ğŸ‘¨â€ğŸ‘§â€ğŸ‘§â›·ğŸ‚ğŸª‚ğŸ‹ï¸â€â™€ï¸ğŸ‹ï¸ğŸ‹ï¸â€â™‚ï¸ğŸ¤¼â€â™€ï¸ğŸ¤¼ğŸ¤¼â€â™‚ï¸ğŸ¤¸â€â™€ï¸ğŸ¤¸ğŸ¤¸â€â™‚ï¸â›¹ï¸â€â™€ï¸â›¹ï¸â›¹ï¸â€â™‚ï¸ğŸ¤ºğŸ¤¾â€â™€ï¸ğŸ¤¾ğŸ¤¾â€â™‚ï¸ğŸŒï¸â€â™€ï¸ğŸŒï¸ğŸŒï¸â€â™‚ï¸ğŸ‡ğŸ§˜â€â™€ï¸ğŸ§˜ğŸ§˜â€â™‚ï¸ğŸ„â€â™€ï¸ğŸ„ğŸ„â€â™‚ï¸ğŸŠâ€â™€ï¸ğŸŠğŸŠâ€â™‚ï¸ğŸ¤½â€â™€ï¸ğŸ¤½ğŸ¤½â€â™‚ï¸ğŸš£â€â™€ï¸ğŸš£ğŸš£â€â™‚ï¸ğŸ§—â€â™€ï¸ğŸ§—ğŸ§—â€â™‚ï¸ğŸšµâ€â™€ï¸ğŸšµğŸšµâ€â™‚ï¸ğŸš´â€â™€ï¸ğŸš´ğŸš´â€â™‚ï¸
hmhldb,I climbed out,IğŸ™ˆclimbedğŸ˜µoutğŸ˜°ofğŸ˜myğŸ˜ŒheadğŸ”‰andğŸ¤¡watchedğŸ˜³myselfğŸ¥‚implodeğŸ¤¯ağŸ¯thoughtğŸ­withoutâ„ağŸ’¡bodyğŸš¶â€â™€ï¸oughtâ™»ï¸toâ˜¢beğŸ¦•shotğŸ”«toğŸ“±takeâœ‹ağŸ‘loadâ˜‘offğŸ‘‘myğŸ˜‘brainğŸ§ isğŸ’…poisonedğŸ’ŠandğŸ“»imğŸš¥serchingğŸŒšforğŸŒtheğŸ‘¼antidoteğŸ’‰butğŸ‘everyğŸ˜¢timeğŸŒ˜iğŸ“«findğŸ„itâš ï¸myğŸ™â€â™€ï¸defenseğŸ™…â€â™‚ï¸screamğŸ”ŠohğŸ˜²noğŸ–•youğŸ’dontğŸ‘ŸwoahğŸ˜®
hmfqrn,AITA ğŸ¤”for throwing a grenadeğŸ’¥ğŸ’¥ at my sisterğŸ‘© because she said emojis are gay? ğŸ˜—ğŸ¤”ğŸ¤”ğŸ˜³ğŸ˜³(kinda vent warning?â—â”),"Today, I was on Reddit, on r/EmojiSquad (like a bossğŸ˜ğŸ˜ğŸ˜‹ğŸ˜‹ğŸ˜), but them my retarded 23 year old sisterğŸ™„ğŸ™„ğŸ˜¶ğŸ˜‘ğŸ¤¬ğŸ˜¡ğŸ˜ ğŸ¤¢ğŸ¤® who doesn't have a job, and still lives with usğŸ ğŸ  and doesn't pay the billsğŸ’µğŸ’¸ğŸ’¸ğŸ’³ came up to me and said that ""Reddit goodğŸ˜ğŸ˜ğŸ˜, free speech badğŸ™„ğŸ™„ğŸ˜­ğŸ˜°ğŸ˜±ğŸ¤¬ğŸ¤¬, censorship goodğŸ¤¬ğŸ¤¬ğŸ¥ºğŸ¥ºğŸ˜°ğŸ˜±,  keanu chungus wholesomeğŸ™„ğŸ™„ğŸ˜ğŸ˜ğŸ˜‰, emojis gayğŸ¤¬ğŸ˜¡ğŸ˜¡ğŸ˜ ğŸ¤¢ğŸ¤®ğŸ¤®"" so I got really madğŸ¤¬ğŸ˜¡ğŸ˜ ğŸ˜ ğŸ˜¡ğŸ¤¬, and I got a grenade ğŸ’¥ğŸ’¥ğŸ’¥and threw it at herğŸ’¥ğŸ’¥. Then I laughedğŸ˜‚ğŸ˜‚ğŸ˜€ğŸ˜„ğŸ˜„, like a bossğŸ˜ğŸ˜ğŸ˜ğŸ˜ğŸ˜, however my parents were really madğŸ¤¬ğŸ¤¬ğŸ˜¡ğŸ˜¡ğŸ˜ ğŸ˜ ğŸ‘­ğŸ‘­, even though my older retarded sisterğŸ‘©ğŸ’©ğŸ’©ğŸ’© treats them like shitğŸ’©ğŸ’©ğŸ’©, and I accomplished more things in my elementary school yearsğŸ…ğŸ¥ˆğŸ¥‡ğŸ¥‰ğŸ†ğŸ– than she will ever accomplish through out her entire life.ğŸ™„ğŸ™„ğŸ˜„ğŸ˜€ğŸ˜€ğŸ˜‚ğŸ˜‚ğŸ˜€ğŸ˜„ğŸ˜ğŸ˜ğŸ˜ğŸ˜ AITA?"
hmfe7k,Shawtyâ€™sğŸ’–âœ¨likeğŸŒŸğŸ˜ŒaâŒ›ï¸ğŸ‘‘âœ¨melodyğŸ’ğŸ€ğŸŒŸ,"Shawtyâ€™sğŸ’–âœ¨likeğŸŒŸğŸ˜ŒaâŒ›ï¸ğŸ‘‘âœ¨melodyğŸ’ğŸ€ğŸŒŸ ğŸªThatğŸ’« I ğŸŒcan't ğŸŒkeep ğŸŒµout ğŸŒŸGot ğŸŒŸme âœ¨singin' âš¡ï¸likeâš¡ï¸ ğŸ”¥Na na na na ğŸ”¥everydayğŸŒª It'sğŸŒˆ like â˜€ï¸my ğŸ’«iPod â„ï¸stuck ğŸšon ğŸ¤ replay, ğŸ¤¤replay-ay-ay-ayğŸ¥´ Shawty'sğŸ¤¤ like ğŸ¤–a ğŸ¤‘melody ğŸ˜»in ğŸ˜½my ğŸ¤²headğŸ§  That ğŸ¤šI ğŸ¦µcan't ğŸ’‹keep ğŸ’„outğŸ‘€ Got ğŸ¤™me ğŸ™singin' ğŸ™likeğŸ‘… Na na na na ğŸ’„everydayğŸ’‹ ğŸ¦µIt's ğŸ¦¶like ğŸ’ªmy ğŸ¦¾iPod ğŸ‘‹stuck ğŸ‘‹on ğŸ––replay, ğŸ¤šDeluga ğŸ¤˜Heights (replay) ğŸ¤ŸHey âœŠğŸ¾over ğŸ‘and ğŸ¤over  ğŸ‘o_O ||if ğŸ‘I'm ğŸ†“tipsyğŸ”° or â™»ï¸soberğŸ’¯ I ğŸ’–got â¤ï¸lil' ğŸ’”mommağŸ’— on ğŸ’rewindâ£ï¸like the â¤ï¸deck ğŸ‘¥in ğŸ˜»my ğŸ˜ºRover ğŸ‘¾On ğŸ’€my ğŸ¤‘mind, ğŸ¥±shawtyğŸ¥± fine, ğŸ˜¯meditate ğŸ¤’herğŸ¥¶ like ğŸ¥µyoga ğŸ¤’So ğŸ¤•down ğŸ¤on ğŸ˜µthe ğŸ™„line ğŸ˜¤make ğŸ‘‰me ğŸ‘ˆwant ğŸ‘ğŸ¾a ğŸ˜ˆcold ğŸ‘¹sodağŸ‘º ğŸ‘»Hey ğŸ‘½baby ğŸ¤¡be ğŸ¤¤my ğŸ˜ˆradioğŸ¥´ ğŸ˜¶Hear ğŸ¥µyou ğŸ¥ºeverywhere ğŸ˜I ğŸ˜‰go ğŸ™‚Music ğŸ‘©â€â¤ï¸â€ğŸ‘¨in ğŸ˜‡my ğŸ˜šheadğŸ¤ª ğŸ¤¨Know ğŸ˜‹your ğŸ¤ªmelody ğŸ¤©in ğŸ˜”every ğŸ˜­noteğŸ˜ Girl ğŸ˜you ğŸ˜incredibleğŸ˜š ğŸ¤ªMake ğŸ¤©yourself ğŸ¥³availableğŸ˜ ğŸ¥³Na na na nağŸ¤ª ğŸ˜˜That ğŸ¥°tune ğŸ˜šso ğŸ˜Šexceptionalâ˜ºï¸ ğŸ˜Smexy ğŸ˜like ğŸ’—a ğŸ˜špiano ğŸ‘¸give ğŸ’¥you â™‰ï¸my ğŸ‘©ğŸ¿â€ğŸ¦±hands ğŸ‘€if âœŠğŸ¾you're ğŸ˜ˆreadyğŸ’€ ğŸ¥´We ğŸ˜œcan ğŸ˜€make ğŸ™ƒplansğŸ˜š getğŸ¥° body ğŸ˜‹standğŸ˜ if âœŠğŸ¾you let â˜„ï¸meğŸ˜© Girl I'm aâ€¦ğŸ¥µğŸ˜³ğŸ¥´"
hmbtj0,I am workaholic,ğŸ˜€IğŸ˜¯AMâ˜ºï¸WORKAHOLICğŸ¥ºPLEASEâ˜ºï¸Mr.ğŸ˜³ğŸ˜€IğŸ˜¯AMâ˜ºï¸WORKAHOLICğŸ¥ºPLEASEâ˜ºï¸Mr.ğŸ˜³ğŸ˜€IğŸ˜¯AMâ˜ºï¸WORKAHOLICğŸ¥ºPLEASEâ˜ºï¸Mr.ğŸ˜³ğŸ˜€IğŸ˜¯AMâ˜ºï¸WORKAHOLICğŸ¥ºPLEASEâ˜ºï¸Mr.ğŸ˜³ğŸ˜€IğŸ˜¯AMâ˜ºï¸WORKAHOLICğŸ¥ºPLEASEâ˜ºï¸Mr.ğŸ˜³ğŸ˜€IğŸ˜¯AMâ˜ºï¸WORKAHOLICğŸ¥ºPLEASEâ˜ºï¸Mr.ğŸ˜³ğŸ˜€IğŸ˜¯AMâ˜ºï¸WORKAHOLICğŸ¥ºPLEASEâ˜ºï¸Mr.ğŸ˜³ğŸ˜€IğŸ˜¯AMâ˜ºï¸WORKAHOLICğŸ¥ºPLEASEâ˜ºï¸Mr.ğŸ˜³ğŸ˜€IğŸ˜¯AMâ˜ºï¸WORKAHOLICğŸ¥ºPLEASEâ˜ºï¸Mr.ğŸ˜³ğŸ˜€IğŸ˜¯AMâ˜ºï¸WORKAHOLICğŸ¥ºPLEASEâ˜ºï¸Mr.ğŸ˜³ğŸ˜€IğŸ˜¯AMâ˜ºï¸WORKAHOLICğŸ¥ºPLEASEâ˜ºï¸Mr.ğŸ˜³ğŸ˜€IğŸ˜¯AMâ˜ºï¸WORKAHOLICğŸ¥ºPLEASEâ˜ºï¸Mr.ğŸ˜³ğŸ˜€IğŸ˜¯AMâ˜ºï¸WORKAHOLICğŸ¥ºPLEASEâ˜ºï¸Mr.ğŸ˜³ğŸ˜€IğŸ˜¯AMâ˜ºï¸WORKAHOLICğŸ¥ºPLEASEâ˜ºï¸Mr.ğŸ˜³ğŸ˜€IğŸ˜¯AMâ˜ºï¸WORKAHOLICğŸ¥ºPLEASEâ˜ºï¸Mr.ğŸ˜³
hm55af,ğŸ˜„My ğŸ˜sleep ğŸ˜´ schedule ğŸ“… is ğŸ˜± fucked ğŸ˜³,
hm2wxd,I am ğŸ‘©ğŸ¼ literally ğŸ§š the ğŸŒ¸ Star ğŸŒŸ of ğŸ€ Tiktok ğŸ˜¤,
hm2sev,Sooo corny ğŸ˜ ğŸ˜ ğŸ˜ ğŸŒ½ ğŸŒ½,This makes me ğŸ‘¨ğŸ» so corny ğŸŒ½ ! I love â¤ï¸ â¤ï¸ â¤ï¸ it when I slather that big black â¬› corn ğŸŒ½ dildo ğŸ† and shove it in my hairy rectum ğŸ‘ rapidly ripping it as I go. Sometimes I even boil it so it's hot ğŸ¥µ ğŸ¥µ and burn ğŸ”¥ ğŸ”¥ me because I love it rough ğŸ’¥ and I'm just SO CORNY ğŸŒ½ ğŸŒ½ ğŸŒ¾ ğŸŒ¾ ! I love putting it on the floor bouncing ğŸ’¨ up â¬†ï¸ â¬†ï¸ and downâ¬‡ï¸ â¬‡ï¸ ripping my organs â¤ï¸ ğŸ§  as I go. I also love â¤ï¸ â¤ï¸ it when I steal an old lady ğŸ‘µğŸ» from the nursing ğŸ¤± home ğŸ  take her to a warehouse and beat ğŸ¤¬ ğŸ¤¬ her booty ğŸ‘ ğŸ‘ ğŸ‘ senseless with it. I just want to scream ğŸ˜± and shout and bounce ğŸ’¨ ğŸ’¨ all around â¬†ï¸ â¬‡ï¸ â¬…ï¸ â¡ï¸ because of that big black â¬› luscious corn ğŸŒ½ ğŸŒ½ dildo ğŸ† ğŸ† ğŸ† . OMG ğŸ˜¡ ğŸ˜¡ ğŸ˜¡ SOMEONEâ˜ğŸ» CORN ğŸŒ½ ğŸŒ½ ğŸŒ¾ ğŸŒ¾ ME!ğŸ˜«
hm1ock,â€Œ,âœ¨animeâœ¨isâœ¨anâœ¨importantâœ¨partâœ¨ofâœ¨ourâœ¨cultureâœ¨awwâœ¨lookâœ¨atâœ¨himâœ¨trembleâœ¨heâ€™sâœ¨gonnaâœ¨burstâœ¨aâœ¨bloodâœ¨vesselâœ¨cuzâœ¨Iâœ¨dissedâœ¨hisâœ¨waifuâœ¨
hm0qup,That new BTS song,ğŸ´ğŸ‘¨ğŸ¿â€ğŸ¦²ğŸ´ğŸ´ğŸ‘¨ğŸ¿â€ğŸ¦²ğŸ‘¨ğŸ¿â€ğŸ¦²ğŸ´ğŸ´ğŸ‘¨ğŸ¿â€ğŸ¦²ğŸ‘¨ğŸ¿â€ğŸ¦²ğŸ‘¨ğŸ¿â€ğŸ¦²ğŸ´ğŸ´
hm0nfc,"Lil' MamağŸ¤°, show ğŸ‘€me how ğŸ‘ˆyou moveâœ¨ğŸ•ºğŸ‚it betterâ˜ï¸ğŸ˜ƒ yet, putğŸ¥´ğŸ˜§ your back ğŸƒğŸ˜¹into ğŸ¤ªit do yourğŸ˜‹ğŸ™‚ thing ğŸ˜³ğŸ˜³ğŸ’¥like it ain't ğŸ™…â€â™€ï¸nothin' ğŸ¤što it shake, ğŸ˜¤sh-sh-shake that ass ğŸ¥µğŸ‘girlğŸ§šâ€â™€ï¸","Lil' MamağŸ¤°, show ğŸ‘€me how ğŸ‘ˆyou moveâœ¨ğŸ•ºğŸ‚it betterâ˜ï¸ğŸ˜ƒ yet, putğŸ¥´ğŸ˜§ your back ğŸƒğŸ˜¹into ğŸ¤ªit do yourğŸ˜‹ğŸ™‚ thing ğŸ˜³ğŸ˜³ğŸ’¥like it ain't ğŸ™…â€â™€ï¸nothin' ğŸ¤što it shake, ğŸ˜¤sh-sh-shake that ass ğŸ¥µğŸ‘girlğŸ§šâ€â™€ï¸"
hlzm7n,First â˜ they make you ğŸ˜  wear a mask ğŸ˜·,"First â˜ they make you ğŸ˜  wear a mask ğŸ˜·
Second âœŒ they make you ğŸ˜² wear a gold star ğŸŒŸğŸŒŸğŸŒŸ on your shirt 
Third â˜â˜â˜ they put you in a cattle car ğŸšğŸš“â›ŸğŸš›ğŸššğŸšŒğŸš‰ğŸšˆ
Last âœŠ you end up at Auschwitz ğŸ˜²ğŸ˜¨ğŸ˜µğŸ”«ğŸ”«ğŸ° then die ğŸ—¡ğŸ”ªğŸ’‰ğŸ”«ğŸ’‰ğŸ”ª in the gas chamber ğŸ™ˆğŸ™ğŸ’£ğŸ’£ğŸ’¤ğŸ’¤ğŸ’¨ğŸ’¨ğŸ›¢ğŸ›¢âš°âš°ğŸ”¥"
hlz4rn,ğŸ˜±!!! The ğŸ˜ is ğŸ”› ğŸ”¥ and the ğŸ˜º is ğŸ½ all the ğŸ©! Also that ğŸ” is ğŸ¥› ğŸº,OMGğŸ˜±!!! The houseğŸ˜ is onğŸ”› fireğŸ”¥ and the catğŸ˜º is eatingğŸ½ all the donuts ğŸ©! Also that chickenğŸ” is drinkingğŸ¥› beerğŸº
hlyqqx,youğŸ˜€lookğŸ˜€soğŸ˜€goodğŸ˜€underğŸ˜€theğŸ˜€lightsğŸ˜€,youğŸ˜€lookğŸ˜€soğŸ˜€goodğŸ˜€underğŸ˜€theğŸ˜€lightsğŸ˜€youğŸ˜€lookğŸ˜€soğŸ˜€goodğŸ˜€underğŸ˜€theğŸ˜€lightsğŸ˜€ youğŸ˜€lookğŸ˜€soğŸ˜€goodğŸ˜€underğŸ˜€theğŸ˜€lightsğŸ˜€ youğŸ˜€lookğŸ˜€soğŸ˜€goodğŸ˜€underğŸ˜€theğŸ˜€lightsğŸ˜€youğŸ˜€lookğŸ˜€soğŸ˜€goodğŸ˜€underğŸ˜€theğŸ˜€lightsğŸ˜€ youğŸ˜€lookğŸ˜€soğŸ˜€goodğŸ˜€underğŸ˜€theğŸ˜€lightsğŸ˜€youğŸ˜€lookğŸ˜€soğŸ˜€goodğŸ˜€underğŸ˜€theğŸ˜€lightsğŸ˜€ youğŸ˜€lookğŸ˜€soğŸ˜€goodğŸ˜€underğŸ˜€theğŸ˜€lightsğŸ˜€youğŸ˜€lookğŸ˜€soğŸ˜€goodğŸ˜€underğŸ˜€theğŸ˜€lightsğŸ˜€ youğŸ˜€lookğŸ˜€soğŸ˜€goodğŸ˜€underğŸ˜€theğŸ˜€lightsğŸ˜€youğŸ˜€lookğŸ˜€soğŸ˜€goodğŸ˜€underğŸ˜€theğŸ˜€lightsğŸ˜€ youğŸ˜€lookğŸ˜€soğŸ˜€goodğŸ˜€underğŸ˜€theğŸ˜€lightsğŸ˜€youğŸ˜€lookğŸ˜€soğŸ˜€goodğŸ˜€underğŸ˜€theğŸ˜€lightsğŸ˜€ youğŸ˜€lookğŸ˜€soğŸ˜€goodğŸ˜€underğŸ˜€theğŸ˜€lightsğŸ˜€youğŸ˜€lookğŸ˜€soğŸ˜€goodğŸ˜€underğŸ˜€theğŸ˜€lightsğŸ˜€ youğŸ˜€lookğŸ˜€soğŸ˜€goodğŸ˜€underğŸ˜€theğŸ˜€lightsğŸ˜€ youğŸ˜€lookğŸ˜€soğŸ˜€goodğŸ˜€underğŸ˜€theğŸ˜€lightsğŸ˜€youğŸ˜€lookğŸ˜€soğŸ˜€goodğŸ˜€underğŸ˜€theğŸ˜€lightsğŸ˜€ youğŸ˜€lookğŸ˜€soğŸ˜€goodğŸ˜€underğŸ˜€theğŸ˜€lightsğŸ˜€ youğŸ˜€lookğŸ˜€soğŸ˜€goodğŸ˜€underğŸ˜€theğŸ˜€lightsğŸ˜€youğŸ˜€lookğŸ˜€soğŸ˜€goodğŸ˜€underğŸ˜€theğŸ˜€lightsğŸ˜€ youğŸ˜€lookğŸ˜€soğŸ˜€goodğŸ˜€underğŸ˜€theğŸ˜€lightsğŸ˜€youğŸ˜€lookğŸ˜€soğŸ˜€goodğŸ˜€underğŸ˜€theğŸ˜€lightsğŸ˜€ youğŸ˜€lookğŸ˜€soğŸ˜€goodğŸ˜€underğŸ˜€theğŸ˜€lightsğŸ˜€youğŸ˜€lookğŸ˜€soğŸ˜€goodğŸ˜€underğŸ˜€theğŸ˜€lightsğŸ˜€ youğŸ˜€lookğŸ˜€soğŸ˜€goodğŸ˜€underğŸ˜€theğŸ˜€lightsğŸ˜€youğŸ˜€lookğŸ˜€soğŸ˜€goodğŸ˜€underğŸ˜€theğŸ˜€lightsğŸ˜€ youğŸ˜€lookğŸ˜€soğŸ˜€goodğŸ˜€underğŸ˜€theğŸ˜€lightsğŸ˜€youğŸ˜€lookğŸ˜€soğŸ˜€goodğŸ˜€underğŸ˜€theğŸ˜€lightsğŸ˜€ youğŸ˜€lookğŸ˜€soğŸ˜€goodğŸ˜€underğŸ˜€theğŸ˜€lightsğŸ˜€youğŸ˜€lookğŸ˜€soğŸ˜€goodğŸ˜€underğŸ˜€theğŸ˜€lightsğŸ˜€ youğŸ˜€lookğŸ˜€soğŸ˜€goodğŸ˜€underğŸ˜€theğŸ˜€lightsğŸ˜€
hlyqe9,EpicğŸ˜¤#ï¸âƒ£reddit â¬‡ï¸ğŸ™…â€â™‚ï¸momentğŸ˜„,"Didâ“â“you just seriouslyğŸ˜¤ğŸ˜  postğŸ“¬ğŸ“¬ an emoji ğŸ¤£ğŸ¤£on reddit â“â“â“â“ğŸ¤¬ğŸ˜¡that's not very KeanuğŸ™…â€â™‚ï¸ wholesomeâ˜ºğŸ˜„ chungusğŸ°ğŸ‡ 100 ğŸ’¯ğŸ’¯of youğŸ˜¤ you're going to be downvoted â¬‡ï¸â¬‡ï¸r/emojipolice ğŸ‘®â€â™‚ï¸ğŸš”ğŸ‘®â€â™€ï¸you're under arrest for using emojiğŸ˜ what's thatâ“â“you thinkğŸ¤”ğŸ’­that fortniteğŸ¯ğŸŒƒ isn't actually badâ“â“ğŸ˜¤ğŸ˜ well if you didn't knowğŸ§  before its actually fortnite bad tik tok â°â±bad Instagram bad reddit goodğŸ˜ğŸ˜ you fool you absolute buffoon how dare you ğŸ˜¤ğŸ˜¤enjoy different things from me you cancerous growth ğŸ§¬of a human ğŸš¶â€â™‚ï¸you should be put down like a dogğŸ¶ğŸ• downvoted â¬‡ï¸â¬‡ï¸ğŸ˜

EditğŸ“: thank youğŸ¤²kind strangersğŸ™â€â™‚ï¸for 500ğŸ’¯ğŸ’¯ğŸ’¯ğŸ’¯ğŸ’¯upvotesâ¬†ï¸"
hlvnw6,glugluglu,two ğŸŒ shots ğŸ˜° of ğŸ—£ vodka ğŸª glu glu ğŸµ glu glu ğŸ¦·ğŸ¦¶ glu glu â¤ï¸ğŸ§¿
hlvjln,ur mom ğŸ˜,ur mom ğŸ˜
hlv00v,Cummy,Hey guys its me cummy ğŸ’¦i am very sad ğŸ˜­nobody âŒposts in this subreddit also my cockğŸ† is fucking gigantic ğŸ¤ª
hlu03r,Disemboweled Engorgement,"Death ğŸ˜µ
We start annihilation ğŸ’£  of the human raceğŸ˜š
No one â˜ï¸ will stay alive to breedğŸ¥´
And everything and everyone ğŸ‘¨ğŸ¾ğŸ‘©ğŸ»â€ğŸ¦°ğŸ‘§ğŸ¼
Will drownğŸ’¦ in rot ğŸ§ 
Parts of human entrailsğŸ§ ğŸ§ 
Lie mangled ğŸ˜³and distortedğŸ˜œ
Worms ğŸ› about to feastğŸ›ğŸ¥„
Like never before â°
Refugees are tornğŸ˜«
Blind ğŸ˜µboars ğŸ—eat ğŸ¥„that substanceğŸ§ 
They keep vomiting ğŸ¤®maggotsğŸ›
That consume ğŸ¥„what's left of humansğŸ‘§ğŸ¼ğŸ‘¨ğŸ»
Still livingğŸ˜‡ welter in felt ğŸ˜© 
Choking ğŸ˜§with their own stomach acidğŸ§ƒ
Skinned bodiesğŸ˜ scattered half-eatenğŸ¥„
Being squashed ğŸ¥º
by invaders' ğŸ‘½legsğŸ¦µğŸ»
DestructionğŸ’£ inestimableğŸ˜·
Nothing can stopğŸ”´ this bloodbathğŸ©¸ğŸ›
War! ğŸ‘³ğŸ¾â€â™‚ï¸
Torture the mankind ğŸ‘¨â€ğŸ‘©â€ğŸ‘¦â€ğŸ‘¦
Don't let them retreat ğŸ˜¡ğŸ˜¡
Their anxiety ğŸ˜«turns into panic ğŸ˜¢and tenuityğŸ˜–
Inability to fightğŸ¥Š, obscurityğŸ˜‘
CorneredğŸ˜¬, the only wayâ¡ï¸
Is to commit suicide ğŸ˜ğŸ”«ğŸ’"
hlt6oy,Weekly Emoji Pasta request thread [Sunday 05/07/2020],Please use this thread to submit your Emojipasta requests!.
hlstku,what you ğŸ‘‰ğŸ‘¨ own from â¬…ï¸ rent ğŸ’µğŸ¶,"donâ€™t âŒ breathe ğŸ‘„ğŸ’¨ too 2ï¸âƒ£ deep â¬‡ï¸ donâ€™t âŒ think ğŸ¤” all day ğŸŒ… dive ğŸ¤¿ğŸŒŠ into work ğŸ’¼ drive ğŸš— the other way â¬…ï¸â¡ï¸ that drip ğŸ’§ of hurt ğŸ¤• that pint ğŸº of shame ğŸ˜” goes away â¡ï¸ just play the game ğŸ® youâ€™re ğŸ‘‰ğŸ‘¨ living in america ğŸ‡ºğŸ‡¸ @ the end â¡ï¸ of the millennium 1ï¸âƒ£0ï¸âƒ£0ï¸âƒ£0ï¸âƒ£  youâ€™re ğŸ‘‰ğŸ‘¨ living in america ğŸ‡ºğŸ‡¸ leave ğŸš¶â€â™‚ï¸ğŸšª your ğŸ‘‰ğŸ‘¨ conscience ğŸ¤” at the tone â˜ï¸ and when youâ€™re ğŸ‘‰ğŸ‘¨ living in america ğŸ‡ºğŸ‡¸ @ the end â¡ï¸ of the millennium 1ï¸âƒ£0ï¸âƒ£0ï¸âƒ£0ï¸âƒ£ youâ€™re ğŸ‘‰ğŸ‘¨ what you ğŸ‘‰ğŸ‘¨ own.  the filmmaker ğŸ¥ cannot âŒ see ğŸ‘€ and the songwriter ğŸ¶âœï¸ cannot âŒ hear ğŸ‘‚ yet i ğŸ‘ see mimi ğŸ‘©ğŸ¾ everywhere.  angelâ€™s ğŸ˜‡ voice ğŸ—£ is in my ear ğŸ‘‚ just tighten ğŸ—œï¸ those shoulders ğŸ¤·â€â™‚ï¸ just ğŸ—œï¸ your ğŸ‘‰ğŸ‘©â€ğŸ¦° jaw ğŸ˜® till you ğŸ‘‰ğŸ‘© frown â˜¹ï¸ just donâ€™t âŒ let go â–¶ï¸ or you ğŸ‘‰ğŸ‘¨ may ğŸŒ¸ drown ğŸ˜«ğŸŒŠ youâ€™re ğŸ‘‰ğŸ‘¨ living in america ğŸ‡ºğŸ‡¸ @ the end â¡ï¸ of the millennium 1ï¸âƒ£0ï¸âƒ£0ï¸âƒ£0ï¸âƒ£  youâ€™re ğŸ‘‰ğŸ‘¨ living in america ğŸ‡ºğŸ‡¸ where itâ€™s like ğŸ‘ the twilight ğŸ§›â¤ï¸ zone ğŸš§ and when youâ€™re ğŸ‘‰ğŸ‘¨ living in america ğŸ‡ºğŸ‡¸ @ the end â¡ï¸ of the millennium 1ï¸âƒ£0ï¸âƒ£0ï¸âƒ£0ï¸âƒ£ youâ€™re ğŸ‘‰ğŸ‘¨ what you ğŸ‘‰ğŸ‘¨ own.  so ğŸ§µ i ğŸ‘ own not âŒ a notion.  i ğŸ‘ escape ğŸƒâ€â™‚ï¸ğŸšªand ape ğŸ¦§ content ğŸ™‚ i ğŸ‘ donâ€™t âŒ own emotion ğŸ˜ğŸ˜‚ğŸ˜­ğŸ˜¡ i ğŸ‘ rent ğŸ’µ what was it ğŸ¤¡ about that night? ğŸŒ‘ connection ğŸ‘¬ in an isolating ğŸ§ age ğŸ‘¶ğŸ§’ğŸ‘¦ğŸ§‘ğŸ‘¨ğŸ§“ğŸ‘´ for once 1ï¸âƒ£ the shadows ğŸ‘¥ gave way to light ğŸ’¡ for once 1ï¸âƒ£ i ğŸ‘ didnâ€™t âŒ disengage.  angel ğŸ˜‡ eye ğŸ‘ hear ğŸ‘‚ you ğŸ‘‰ğŸ‘©ğŸ½ mimi ğŸ‘©ğŸ¾ eye ğŸ‘ see ğŸ‘€ you ğŸ‘‰ğŸ‘©ğŸ¾ i ğŸ‘ hearğŸ‘‚ it.  i ğŸ‘ hearğŸ‘‚ it.  i ğŸ‘ see ğŸ‘€ it.  i ğŸ‘ hearğŸ‘‚ it.  i ğŸ‘ see ğŸ‘€ it, my film! ğŸ¥ğŸ i ğŸ‘ hear ğŸ‘‚ it, my song! ğŸ¶ alexi- mark âŒâœ… one 1ï¸âƒ£ song ğŸ¶ glory ğŸ™Œ call ğŸ“ me a hypocrite.  i ğŸ‘ need ğŸ˜© to 2ï¸âƒ£ finish ğŸ ğŸ‡«ğŸ‡® my own film ğŸ¥ğŸ mimi ğŸ‘©ğŸ¾ your ğŸ‘‰ğŸ‘©ğŸ¾ eyes ğŸ‘€ i ğŸ‘ quit! âŒğŸ˜¡ dying ğŸ’€ in america ğŸ‡ºğŸ‡¸ @ the end â¡ï¸ of the millennium 1ï¸âƒ£0ï¸âƒ£0ï¸âƒ£0ï¸âƒ£ weâ€™re ğŸ‘¯ dying ğŸ’€ in ğŸ‡ºğŸ‡¸ to come ğŸ†ğŸ’¦ into â†˜ï¸2ï¸âƒ£ our ğŸ•° own.  and when youâ€™re ğŸ‘‰ğŸ‘©ğŸ» dying ğŸ’€ in ğŸ‡ºğŸ‡¸ @ the end â¡ï¸ of the millennium 1ï¸âƒ£0ï¸âƒ£0ï¸âƒ£0ï¸âƒ£ youâ€™re ğŸ‘‰ğŸ‘± not âŒ alone ğŸ™â€â™‚ï¸ iâ€™m not âŒ alone ğŸ™â€â™‚ï¸ iâ€™m not âŒ alone ğŸ™â€â™‚ï¸"
hlqr9c,For real homies," ğŸ’€ğŸ’€ğŸ’€ I F YOU WERE KILLED TOMORROW ğŸ’€ğŸ’€ğŸ’€ I WOULDN'T GO 2 YOUR FUNERAL ğŸ™…ğŸ™…ğŸ™… ğŸ‘¿ğŸ‘ºğŸ˜¡ğŸ˜¡ğŸ‘¿ğŸ‘¿ğŸ˜¡ğŸ‘ºğŸ‘ºğŸ˜¡ğŸ˜¡ğŸ˜¡ğŸ‘¿ğŸ‘¿ğŸ˜¡ğŸ‘º CAUSE ID BE IN JAIL 4 KILLING THE SUCKA THAT KILLED YOU ğŸ”«ğŸ”«ğŸ”«ğŸ”«ğŸ”«ğŸ”«ğŸ”«ğŸ”«ğŸ”«  
WE TRUE HOMIESğŸ’¯ğŸ’¯ğŸ’¯ğŸ’–ğŸ’–ğŸ’–ğŸ’–ğŸ’–ğŸ’–ğŸ’–ğŸ’–ğŸ’–ğŸ’–ğŸ’–ğŸ’–ğŸ’–ğŸ’¯ğŸ’¯ğŸ’¯  
WE RIDE TOGETHErğŸ’¦ğŸ’¦ğŸ’¦ğŸ’¦ğŸ’¦ğŸ’¦  
WE DIE TOGETHERğŸ‘ŒğŸ‘€ğŸ‘ŒğŸ‘€ğŸ‘ŒğŸ‘€ğŸ‘ŒğŸ‘€ğŸ‘ŒğŸ‘€"
hlqayz,Sir this is the fucking toilet,Hello sirğŸ‘‹ğŸ§â€â™‚ï¸this is the fuckingğŸ¤¬toiletğŸš½so shitğŸ’©here instead of onğŸ”›the childrenğŸ§’ğŸ‘¶Ø§Ù„Ø¹Ø§Ù„Ù… Ø£Ù† â€ªÙŠØªÙƒÙ„Ù‘Ù… â€¬ ØŒ Ù
hloqoi,OMG ROCK BUNE MX5 ğŸ”¥ğŸ˜ğŸ¥µğŸ¥µğŸ¥°ğŸ¥µğŸ¥°ğŸ¥°ğŸ¥° REAL JDM FANS ğŸ¥°ğŸ¤«ğŸ˜ğŸ¤« 100% free robux Ø§Ù„Ø¬Ø¨Ù† ÙÙŠ Ø³Ø±ÙˆØ§Ù„ÙŠ Ø§Ù„Ù‚Ø±ÙˆØ¯ ÙÙŠ ÙÙ…ÙŠ ğŸ”°ğŸ”°ğŸ”° ãŠã£ã±ã„ JDM WORD REAL FATS ğŸ”ğŸ” 2020 3JZ GTTEğŸ˜³ğŸ˜³ğŸ˜³ğŸ˜³ğŸ˜³ğŸ”¥ğŸ”¥ğŸ”¥ Rota wheels 100%Legit FireğŸ”¥ğŸ”¥ğŸ”ğŸ”ğŸ”ğŸ”°ğŸ”°ğŸ¥µğŸ¥µğŸ¤£ğŸ¥°ğŸ¤¡ Fake JDM FANS DONt knoW ROCK BUNE. LIBER WOKEğŸ‘ğŸ‘ğŸ‘,
hlojbf,iğŸ§¿needğŸ˜¼ağŸ¦·badğŸ‘ºğ‘ğ‘™ğ‘’ğ‘’ğ‘ğŸ¤¬uhhğŸ©±addisonğŸ‘©ğŸ¾raeğŸ”†leğŸ¥–shawtyğŸ§theğŸ‘„baddestğŸ’¯yawğŸ˜«andâ•sheğŸ¦¹â€â™€ï¸gotğŸ’¸awayğŸƒğŸ¾â€â™€ï¸soğŸ’…ğŸ»obviouslyâš¡ï¸theseğŸ¥³lyricsğŸ¤areğŸš”veryğŸ˜¿heartfeltâ¤ï¸toğŸ™meğŸ’ğŸ¾â€â™€ï¸because ğŸªiğŸŒ»amğŸ‘¸ğŸ¾addisonğŸ’ƒğŸ¾raeğŸŒ,
hlndms,ğŸ‡ºğŸ‡¸ğŸ‡ºğŸ‡¸ğŸ‡ºğŸ‡¸,"ğŸ‡ºğŸ‡¸ğŸ™ğŸ»ğŸ™ğŸ»ğŸ‡ºğŸ‡¸ We ğŸ‘¥ are the silent ğŸ”‡ majority. â†”ï¸ We ğŸ‘¥ get no ğŸš« air ğŸ’¨ time ğŸ•‘ on TV. ğŸ“º We ğŸ‘¥ don't ğŸ™…â€â™‚ï¸ ğŸ”¥ğŸ”¥ burn ğŸ”¥ğŸ”¥ things down, â¬‡ï¸ loot, ğŸ› or ğŸ˜­ tear ğŸ˜­ things up. ğŸ†™ï¸ We ğŸ‘¥ go ğŸš¶â€â™‚ï¸ to 2ï¸âƒ£ work ğŸ‘·â€â™‚ï¸ğŸ‘¨â€ğŸ­ and support our families. ğŸ‘¨â€ğŸ‘©â€ğŸ‘§â€ğŸ‘¦ We ğŸ‘¥ â¤ love ğŸ˜ America. ğŸ‡ºğŸ‡¸ We ğŸ‘¥ pray. ğŸ™ We ğŸ‘¥ want to 2ï¸âƒ£ protect ğŸ›¡ the unborn. ğŸ¤° We ğŸ‘¥ salute ğŸ™‹â€â™‚ï¸ the flag ğŸ‡ºğŸ‡¸ and sing ğŸ‘©â€ğŸ¤ğŸ‘¨â€ğŸ¤ ğŸ‡ºğŸ‡¸ ""The Star Spangled Banner"". ğŸ‡ºğŸ‡¸ We ğŸ‘¥ obey ğŸ™‡â€â™‚ï¸ğŸ™‡â€â™€ï¸ the law ğŸ‘¨â€âš–ï¸ğŸ“– and ğŸ‘¢ğŸ¥¾ respect ğŸ¥¾ğŸ‘¢ law enforcement. ğŸ‘®â€â™‚ï¸ğŸ‘®â€â™€ï¸ We ğŸ‘¥ ğŸ¥µ appreciate ğŸ¥µğŸ†ğŸ’¦ the military. We ğŸ‘¥ are the very backbone ğŸ”™ğŸ¦´ of this ğŸ‘‰ ğŸ‡ºğŸ‡¸ country. ğŸ‡ºğŸ‡¸ But ğŸ‘ we ğŸ‘¥ are invisible, ğŸ¥¼ğŸ˜ until we ğŸ‘¥ vote. âœ”ğŸ—³ And you ğŸ‘‡ can bet ğŸ°ğŸƒ that ğŸ¥µ come ğŸ¥µ November we ğŸ‘¥ will be heard. ğŸ‘ğŸ It ğŸ¤¡ will be ğŸ…±ï¸ deafening. ğŸ”‡ğŸ™‰
Copied Â©ï¸ and pasted ğŸ†ğŸ’¦ from a friend.ğŸ’•ğŸ‘¯â€â™€ï¸
And the majority â†”ï¸ of us ğŸ§“ğŸ‘µ still ğŸ›¢ trust ğŸ‘ğŸ¤— in ğŸ˜œğŸ¥µ Jesus â™¥ï¸ğŸ™ğŸ™‡â€â™‚ï¸"
hllow5,Any Given Sunday! (Al Pacino) ğŸ‘€ ğŸ‘Š,"On ğŸ”›  any given Sunday ğŸ”† youâ€™re gonna win ğŸ† or youâ€™re gonna lose âŒ. The point ğŸ–Š is â€“ can you win ğŸ†or lose âŒ like a man ğŸ¤µ? 

&#x200B;

credit: [emojis](https://gypu.com/emojis/emoji-for-copy-and-paste.html)"
hllbtk,idk lol,ohğŸ±toğŸ´seeğŸ˜ŠwithoutğŸ¤œmyğŸ‘‘eyes-ğŸ‘„-
hlkm24,Dead subreddit,ğŸ˜­
hlf6vz,Argument,"I TOLDğŸ—¯ YOU I WAS NOTâŒ PREPARED FOR A GODDAMN DEBATEğŸ™ WITH YOU AND YOU CONTINUE TO BARADE ME WITH FACTSğŸ“™ THAT Iâ€™M CLEARLY NOTâŒ PREPARED TO ARGUEğŸ—¯ AGAINST. Iâ€™M NOTâŒ EVEN TRYING TO ARGUEğŸ—¯ WITH YOU, YOU CUNTğŸ†. BUT FINE, YOUâ€™RE RIGHTâœ…. YOUâ€™RE FUCKING RIGHTâœ…! IS THAT WHAT YOU WANA HEARğŸ‘‚? YOU ARE RIGHTâœ…. YOUâ€™RE CLEARLY THE WISERğŸ¦‰ SMARTERğŸ§  INDIVIDUAL. THEYâ€™LL HOLD YOUR NAMEğŸ“› IN HIGH ESTEEMğŸ™ FOR CENTURIESğŸ’¯ BECAUSE YOU TRIUMPHEDğŸ¥‡! YOU WONğŸ† THE DEBATEğŸ™! YOU DID ITğŸ’¯ğŸ‘Œ! GREAT JOB BUDDYğŸ‘ŒğŸ’¯! GOODğŸ‘ ONğŸ‘ YAğŸ‘ PALğŸ‘! NICE GOING MATEğŸ‘ğŸ‘ğŸ‘! HAS THE PARADEğŸš© STARTED YET?! HAVENâ€™T THEY COME TO LIFTâ¬†ï¸ YOU UP ON YOUR THRONEğŸš½ MADE OF GOLDğŸ’› AND CARRIED YOU OFF INTO THE SUNSETğŸŒ… CHANTING YOUR NAMEğŸ“› AND WORSHIPINGğŸ™ YOU LIKE A GODğŸ”†?! WELL I HOPEğŸŒŸ THEY GET THERE SOON BECAUSE GODDAMMITğŸ‘ YOU WONğŸ† A DEBATEğŸ’¬ AGAINST A PERSONğŸ§‘ WHO DIDNâ€™T WANTğŸ™…â€â™€ï¸ A DEBATEğŸ’¬ AND WHO CONTINUED TO ASKâ“ YOU TO STOPğŸ›‘ WITH EVERY RESPONSEâ—ï¸ YOU GAVE! MURICAğŸ‡ºğŸ‡¸ HAS ANOTHER HEROğŸ¦¸â€â™‚ï¸! HERE TO SAVEğŸ’« US ALL! MAYBE TRUMPğŸŠ WILL ASK YOU TO BE HIS VICE PRESIDENT#ï¸âƒ£2ï¸âƒ£! WHEN HE ASKSâ“ HEâ€™LL SAY â€œI CHOSEğŸ‘† THIS PERSONğŸ§‘ AS MY VP2ï¸âƒ£ BECAUSE THEY WONğŸ† THE DEBATEğŸ’¬ AGAINST AN 18 YEAR OLDğŸ” WITH MINIMALâŒ LIFEğŸ¦  EXPERIENCEğŸ“, NOâŒ SOURCESğŸ“ƒ TO COUNTERğŸ”« WITH, AND WHO NEVERâŒ WANTED TO HEARğŸ‘‚ YOUR OPINION IN THE FIRST1ï¸âƒ£ PLACE!â€ AND THE CROWDğŸ‘¬ğŸ‘«ğŸ‘­ WILL CHEERğŸ¤© AND THEYâ€™LL ALL BOW DOWNğŸ¦µ TO WORSHIPğŸ™ YOU SOME MORE. BECAUSE YOU WONğŸ†. Now please leave me aloneğŸ†—"
hlbn2h,soğŸ˜©coolğŸ‘Œ,y e sğŸ˜ğŸ˜ğŸ¤£ğŸ‘ğŸ‘ŒğŸ˜‰ğŸ˜ğŸ˜ŒğŸ˜ğŸ˜ğŸ˜ğŸ˜ğŸ˜
hlaics,Michael trapson ğŸš¼ğŸ›ğŸ¤‘,"Rhinestones ğŸ’ in my ğŸ¤‘ hands ğŸ¤²
Michael ğŸ­ Jackson ğŸŒš, I'm the manğŸ•´ï¸
Billie ğŸ§’ Jean ğŸ‘–, then I dab ğŸ––
Billie ğŸš¼ Jean ğŸ§â€â™‚ï¸, then I dab ğŸ¤
Tip ğŸ—» toe ğŸ¦¶ on a stand ğŸš¹
Chicks ğŸ¥ know ğŸ§  I'm the manğŸ‘³ğŸ½â€â™‚ï¸
Billie ğŸ§¾Jean ğŸ§¬, then I dab ğŸ¤™
Billie ğŸ’¸ Jean ğŸ‘–, then I dab ğŸ¤˜"
hl91x7,"Daddyâ€™s ğŸ§” cummies, ğŸ’¦ nice ğŸ˜Š and yummy ğŸ˜‹ Thick ğŸ˜«ğŸ‘Œand gooey, feel like honey ğŸ¯","Daddyâ€™s ğŸ§” cummies, ğŸ’¦ nice ğŸ˜Š and yummy ğŸ˜‹

Thick ğŸ˜«ğŸ‘Œand gooey, feel like honey ğŸ¯

That sweet ğŸ­ milk, ğŸ¥› oh-so-tasty ğŸ¤¤

Daddy, ğŸ§” Daddy, ğŸ§” please be hasty!ğŸ’¨

My tongue ğŸ‘… swirls ğŸ˜› round ğŸ” and round ğŸ”

While Daddy ğŸ§” gives my ass ğŸ‘ a great big pound ğŸ¤œğŸ’¥

Over ğŸ˜‘ in the corner, wrapped ğŸ in chains â›“

Mommy ğŸ‘© huddled over, screaming ğŸ˜± in pain ğŸ˜ª

â€œShut up, bitch! ğŸ‘© Stay on the floor!â€

Mommy ğŸ‘© sobbing ğŸ˜­ louder, I ğŸ‘§ call ğŸ—£ her a whore

She reaches behind her ğŸ‘© for her gun ğŸ’€

While Daddy gropes ğŸ‘‹ and tickles ğŸ¤— my sweet ğŸ¬ buns ğŸ‘

Puts the barrel ğŸ˜› between ğŸ‘‰ğŸ‘ˆ her teeth ğŸ‘„

And Daddyâ€™s ğŸ§” semen ğŸ’¦ begins to seep â˜”ï¸

Gunpowder, blood, ğŸ’‰ brains ğŸ§  and gore ğŸ˜

Mommyâ€™s ğŸ‘© lifeless ğŸ‘» corpse slumps â¬‡ï¸ to the floor ğŸ˜‚

Cummies, ğŸ’¦ cummies ğŸ’¦ filling my throat

My pussy ğŸ± is completely ğŸ˜ soaked ğŸ’¦

But Daddyâ€™s cock ğŸ† just gets bigger ğŸ˜³ğŸ˜²

Over near ğŸ˜¯ the drawers, he grabs the scissors âœ‚ï¸

Cuts ğŸ”ª a hole ğŸ•³ in Mommyâ€™s ğŸ‘© stomach

In her hand, ğŸ¤² a gin and tonic ğŸº

He ğŸ§” begins to unravel her strings of intestines ğŸ˜

â€œLook ğŸ‘€ closely, youâ€™ll learn ğŸ‘¨â€ğŸ« a lessonâ€

Ties a noose, ğŸ˜” rigs it tight ğŸ˜«

â€œSweetie, ğŸ‘§ sweetie, ğŸ‘§ no need to fightâ€ ğŸ‘ŠğŸ’¥

Puts her ğŸ‘© guts ğŸ¤¤ around ğŸ”„ my neck

â€œLooks like everythingâ€™s good ğŸ‘ and setâ€ ğŸ‘Œ

Lets me fall down â¬‡ï¸ about ğŸ¤”ğŸ’­ a yard

Face ğŸ‘§ turning blue, choking ğŸ¤­ hard ğŸ’ª

All the while, ğŸ•‘ Daddyâ€™s ğŸ§” stroking his cock ğŸ†

And for a moment, ğŸ˜³ our eyes ğŸ‘ lock ğŸ”’

Tears ğŸ˜­ of joy ğŸ˜Š stream down my face ğŸ‘§

Iâ€™m going to ğŸ˜µ a better âœ¨ place~"
hl7lbj,Love letter to Nora,"My sweet ğŸ­ little whorishğŸ˜ˆNora,

I did as you told me, you dirtyğŸ™Š little girlğŸ‘§, and pulled myself off twice when I read your letter. I am delightedğŸ˜‹to see that you do like being fucked arsewaysğŸ•. Yes, now I can rememberğŸ’­ that night when I fucked you for so longâ² backwardsğŸ”„. It was the dirtiestğŸ¾ fucking ğŸ‘‰ï¸ğŸ‘Œ I ever gaveğŸ you, darling. My prick ğŸ†was stuck up in you for hoursâŒ›ï¸, fucking inğŸ’¢ and outâ­•ï¸ under your upturned rumpğŸ‘. I felt your fatğŸ§„ sweatyğŸ’¦ buttocksğŸ‚ under my bellyğŸ…and saw your flushed faceğŸ¥µ and mad eyesğŸ¥´. At every fuck I gave you your shameless tongueğŸ‘… come bursting out through your lipsğŸ‘„ and if I gave you a biggerğŸ’¯ strongerğŸ’ª fuck than usual fat ğŸ·dirty â˜£ï¸ fartsğŸ’¨ came splutteringğŸ—¯ out of your backside. You had an arseğŸ‘ fullğŸº of fartsğŸ’¨ that nightğŸŒœ, darlingğŸ’â€â™€ï¸, and I fucked ğŸ‘‰ï¸ğŸ‘Œ them out of you, big ğŸ“ğŸ˜fatğŸ– fellows, longâ³windy ğŸŒ¬ ones, quickâ± littleğŸ“ğŸ merryğŸ˜Š cracksğŸ‰and a lot of tinyğŸ“ğŸœ little naughtyğŸ˜³ farties ğŸ—¯ ending in a long ğŸ•°ğŸ’¬gushğŸŒŠ from your hole â™¨ï¸. It is wonderfulğŸ¥° to fuck ğŸ‘‰ï¸ğŸ‘Œ a farting ğŸŒ¬woman ğŸ‘±â€â™€ï¸when every fuckğŸ™ˆ drivesğŸššone out of herğŸ’¨. I thinkğŸ§ I would knowğŸ” Noraâ€™s fart anywhereğŸŒ. I thinkğŸ¤“ I could pickğŸ”ğŸ‘‰ hers out in a roomful of farting womenğŸ‘¯â€â™€ï¸ğŸ‘¯â€â™€ï¸ğŸ‘¯â€â™€ï¸. It is a rather girlishğŸ‘§ noiseğŸ”‰ not like the wetğŸŒ§ windyğŸŒ¬ fartğŸ’¨ which I imagine fat wivesğŸ¤¶ have. It is suddenğŸ—¯ and dry ğŸª and dirty ğŸ¾like what a bold girlğŸ‘©ğŸ»â€ğŸ¤ would let off in funğŸ’â€â™€ï¸in a school dormitory ğŸ« at night ğŸŒ™. I hope Nora will let off no end of her farts ğŸ’¨ğŸ’¨in my face ğŸ¤¤so that I may know ğŸ§ğŸ¤“ their smell ğŸ‘ƒalso.

You say when I go back you will ğŸ§â€â™€ï¸suck me offğŸ§â€â™€ï¸and you want me to lick ğŸ¤ªyour cuntğŸ½, you little depravedğŸ˜ˆ blackguardğŸ˜¼. I hope you will surpriseğŸ¤¯ me some time when I am asleepğŸ˜´ dressedğŸ‘”, steal over me ğŸ¤«with a whoreâ€™s ğŸ§šğŸ»â€â™€ï¸ glowğŸ¥µ in your slumbrous ğŸ˜©eyesğŸ‘  ğŸ‘, gently undo button after buttonğŸ¥¼ in the fly ğŸ¦Ÿof my trousersğŸ‘– and gently take outâœŠ your loverâ€™sğŸ˜ fat mickeyğŸ­ , lap it up in your moist ğŸ’¦mouthğŸ‘„ and suck ğŸ§â€â™€ï¸away at it till it gets fatterğŸ– and stifferğŸ’ª and comes off ğŸ’¦ğŸ’¦in your mouthğŸ¤¤. Sometime too I shall surpriseğŸ¥³ you asleepğŸ˜´, lift up your skirts ğŸ‘— and open your hot drawers ğŸ‘™gently, then lie down gently by you and begin to lick ğŸ‘…lazilyğŸ™„ round your bushğŸŒ³. You will begin to stir ğŸ¥„ uneasily ğŸ¥´then I will lickğŸ‘… the lips ğŸ’‹of my darlingâ€™s cunt ğŸŒ®. You will begin to groan ğŸ˜«and grunt ğŸ¤¬and sigh ğŸ˜¨and fartğŸ˜³ğŸ’¨ with lustğŸ˜ˆ in your sleepğŸ˜´. Then I will lickğŸ‘… up fasterğŸƒâ€â™‚ï¸ and faster ğŸš„ like a ravenous dogğŸ¶ğŸ• until your cuntğŸŒ® is a mass of slimeğŸ¯and your body wrigglingğŸ›ğŸ’“wildly.

Goodnight, my little ğŸ˜½fartingğŸ’¨ NorağŸ‘§, my dirtyğŸ¾ little fuckbirdğŸ¥!"
hl7itn,holesome,OMG ğŸ˜±ğŸ˜±ğŸ˜± R/EMOJI POLICE ğŸ‘®ğŸ¿â€â™€ï¸ YOU USED AN EMOJI ğŸ˜¡ğŸ˜¡ğŸ˜¡ğŸ˜¡ THAT IS VERY UNWHOLESOME 100 OF YOU ğŸ˜¡ğŸ˜¡ğŸ˜¡ğŸ˜¡ğŸ˜¡ğŸ¤¬ğŸ¤¬WE WILL NOW DRIVE YOU INTO A DEEP DEPRESSION ğŸ˜‚ BY CYBERBULLYING YOU FOR USING EMOJIS HAVING INSTAGRAM AND LIKING FORTNITE ğŸ˜ğŸ˜ğŸ˜ğŸ˜ HOLESOME KEANU REEVES CHUNGUS PEWDIEPIE FLOORGANG OOH HAPPY CAKE DAY THANKS FOR THE ARGENTINIUM KIND STRANGER ğŸ¥°ğŸ¥°ğŸ¥°ğŸ¥°ğŸ¥°ğŸ¥°ğŸ¥°
hl5z7v,"Is there a way I could search up emojis by the context they're used in, not just the description of the emoji","Hi,

Maybe this doesn't make sense. I was wondering if there was a way I could search up emojis by their context, ie. horny nets me an eggplant emoji. Instead of searching up eggplant emoji or having to remember when to use that emoji. But if not I might make a website that does that."
hl51aw,i want to simp for doja cat,"I ğŸ‘¦ want ğŸ‘ to simp ğŸ™‡â€â™‚ï¸ğŸ‘‘ for doja ğŸŒ¸ cat ğŸˆ. I ğŸ‘¦ want ğŸ‘ to see ğŸ‘€ğŸ” her big ğŸ³âš ï¸ cow ğŸ„ boobies ğŸ’, and worship ğŸ›â¬†ï¸ her ğŸ‘‰ğŸ‘§ nipples ğŸ‘…. I ğŸ‘¦ want ğŸ‘ to simp ğŸ™‡â€â™‚ï¸ğŸ‘‘ for doja ğŸŒ¸ cat ğŸˆ . I ğŸ‘¦ want ğŸ‘ to watch ğŸ‘ğŸ“½ her ğŸ‘‰ğŸ‘§ tits ğŸ’ get huge! ğŸ‹ğŸ’¯ (moaning ğŸ™€ in â¡ï¸ approval âœ”) Oh ğŸ…¾ï¸, my ğŸ™â€â™‚ï¸ god ğŸ›ğŸ‘¼! I've ğŸ™Œ always â™¾ wanted ğŸ‘ to see ğŸ‘€ğŸ” her ğŸ‘‰ğŸ‘§ boobs ğŸ’ and to be worshipping ğŸ›â¬†ï¸ them! And now ğŸš¹ that I ğŸ‘¦ can, I ğŸ‘¦ can't ğŸš«âš ï¸ stop â›”ğŸ›‘ staring ğŸ‘€ğŸ”‚! I ğŸ‘¦ want ğŸ‘ to just â— worship ğŸ›â¬†ï¸ her ğŸ‘‰ğŸ‘§ tits ğŸ’! I ğŸ‘¦ want ğŸ‘ to do ğŸ”› something â–¶ï¸ to her ğŸ‘‰ğŸ‘§ ass ğŸ‘ too! <pause> â¸ No ğŸ™…â€â™‚ï¸ğŸš«, don't ğŸš· worry ğŸ˜­, I'm ğŸ™Œ not gonna stroke ğŸ‘… you ğŸ‘‰ğŸ™ˆ off ğŸ”š. I ğŸ‘¦ don't ğŸ™…â€â™‚ï¸ want ğŸ‘ to see ğŸ‘€ğŸ” your ğŸ‘‰ğŸ™ˆ balls ğŸ‘…ğŸ¤¹â€â™€ï¸ bounce! ğŸ€ I'm ğŸ‘§ a good ğŸ‘¼ girl! ğŸ’ƒğŸ‘  My ğŸ¤— jugs ğŸ¼ and boobs ğŸ’ will be even more ğŸ“ˆâ¬†ï¸ appreciative ğŸ™†â€â™€ï¸ after I ğŸ‘¦ do something to her ğŸ‘‰ğŸ‘§ ass ğŸ‘."
hl4c0h,Happy 4th Bitches,"Hey ğŸ‘‹you hot ğŸ”¥â­ï¸ piece of American ğŸ‡ºğŸ‡¸ ass ğŸ‘! Today ğŸŒ is the fourth 4ï¸âƒ£ of July â­ï¸ also known as ğŸ’­ Independence Day! Just over 244 ğŸ™ˆ years ago, this CUNTry ğŸ’™â¤ï¸ğŸ’™ was ruled ğŸ‘¸ğŸ¼ by those greedy British Bitches ğŸ†ğŸ‘´ğŸ¼ ğŸ‡¹ğŸ‡· ğŸ˜±ğŸ˜–. Thank goodness ğŸ™ Daddy Sam ğŸ†ğŸ‘¨ğŸ»ğŸ‡ºğŸ‡¸ and Barrack Obama ğŸ†ğŸ‘¦ğŸ¾ won our freedom ğŸ™Œ from them. Today ğŸ† is a day to celebrate ğŸ¾ğŸŠğŸ‰ our religious ğŸ™ and sexualğŸ† ğŸ˜³ liberties. So get down â¬‡ï¸ on your knees ğŸ‘–and worship your daddy ğŸ†ğŸ‘´ğŸ¼ and thank him ğŸ‘Œ for your liberal ğŸ˜» labia ğŸŒ·! Send this to ğŸ”Ÿ of your favorite Stars â­ï¸ and stripes sluts ğŸ‘¸ğŸ¼ğŸ‘§ğŸ»ğŸ‘¶ğŸ»! If you get 0ï¸âƒ£ to 5ï¸âƒ£ back, freedom rings ğŸŠ throughout your pussy ğŸ€ because it is so empty ğŸ—‘ and large ğŸ‘€. If you get 6ï¸âƒ£ to 8ï¸âƒ£ back, your daddy ğŸ†ğŸ‘´ğŸ¼ is sure to give ğŸ‘‰ your sweet land of Liberty ğŸ‘…ğŸ‘„ a taste ğŸ‘ğŸ˜«! And if you get 9ï¸âƒ£ to ğŸ”Ÿ back, your patriotic ğŸ‡ºğŸ‡¸ğŸŠğŸ’™â¤ï¸ pussy will be filled with nationalism ğŸ‡ºğŸ‡¸ğŸ’™â¤ï¸ğŸ’¯ and dick ğŸ†!"
hl42zk,HAPPY 4âƒ£TH OF JULYâ—ï¸â• ğŸ”´âšªï¸ğŸ”µ ğŸ‰ğŸˆğŸ’¥ğŸ‡ºğŸ‡¸,"HAPPY 4âƒ£TH OF JULYâ—ï¸â• ğŸ”´âšªï¸ğŸ”µ ğŸ‰ğŸˆğŸ’¥ğŸ‡ºğŸ‡¸ A holiday ğŸ’ƒğŸ»ğŸŠğŸ† that consists of eating good food ğŸ”ğŸ§ğŸ°, getting wasted ğŸ˜³ğŸ¹ğŸ¸, hanging out with friends ğŸ‘¬ğŸ‘­, and even getting rawed ğŸ˜§ğŸ†ğŸ‘ğŸ’¦? Send this to ğŸ”Ÿ people ğŸ‘¨â€ğŸ‘¨â€ğŸ‘§ğŸ‘¨â€ğŸ‘©â€ğŸ‘§ğŸ‘©â€ğŸ‘©â€ğŸ‘§ who you wouldn't mind putting a firecracker ğŸ’¥ğŸ˜œ inside you ğŸ‘€ and something amazing ğŸ’«ğŸŒŸâœ¨ will happen to you today ğŸ˜³ğŸ‰"
hl2cmh,HAPPY F(WHORE)TH of JULY ğŸ‡ºğŸ‡¸,"ğŸ‡ºğŸ‡¸ğŸ¶God Bless AmericaaağŸ¶ Laaand where I FUCK! ğŸ† Cum INSIDE her, ğŸ˜‹ and RIDE her, through the night ğŸ’«, choke her TIGHT ğŸ˜® with my CUMMMMğŸ¶ ğŸ‡ºğŸ‡¸

Happy fWHOREth of July ğŸ‡ºğŸ‡¸ğŸ’¥ you SLUTTY ğŸ†ğŸ’¦ AmeriCUNTS! ğŸ‡ºğŸ‡¸ On this day ğŸ“… in 1ï¸âƒ£7ï¸âƒ£7ï¸âƒ£6ï¸âƒ£, the DADDIES ğŸ‘´ğŸ»ğŸ† of our nation ğŸ‡ºğŸ‡¸ got DRIPPY ğŸ’¦ğŸ’¦ together & DICKlared ğŸ“œ our Independence ğŸ’ªğŸ¼ğŸ‡ºğŸ‡¸ from those COCK BLOCKING ğŸš«ğŸ†âŒ Brits!! ğŸ‡¬ğŸ‡§â˜•ï¸ Today ğŸ‘« we celebrate ğŸ‰ by waving ğŸ‘‹our flag ğŸ‡ºğŸ‡¸ praising ğŸ™Œ red ğŸ”´ LIPS, white âšªï¸ CUMğŸ’¦ & blue BALLS! ğŸ”µ So BROS ğŸ’ªğŸ½ğŸ‘¬ğŸ‡ºğŸ‡¸, guzzle ğŸ˜® down ğŸ˜® those beers ğŸ» and GRILL ğŸ³those juicy ğŸ¥©MEATSğŸŒ­ cuz youâ€™re about to POP thoseğŸ’¥fireworksğŸ’¥ like youâ€™ll POP that PUSSY! ğŸ’ªğŸ½ğŸ™€ And LadiesğŸ‘¯â€â™€ï¸ğŸ‘¯â€â™€ï¸, Pledge ğŸ™ğŸ¼ Allegiance ğŸ™ğŸ¼to that COCK ğŸ™ŒğŸ» and RIDE your man ğŸ’¦RAWğŸ’¦ like heâ€™s ğŸ Paul Revere!ğŸ¤˜ğŸ½ğŸ‡ºğŸ‡¸YEEHAW! ğŸ¤   ğŸ‘… LICK ğŸ‘… his LIBERTY ğŸ­ LOLLIPOP ğŸ­ğŸ˜‰ and ğŸ¤¸ğŸ¿SPREAD ğŸ¤¸ğŸ¿THOSE ğŸ¤¸ğŸ¿LEGS ğŸ¤¸ğŸ¾ğŸ˜± to GET â© RAMMED â© ğŸ˜® as HARD as ğŸ”MOUNT RUSHMORE!ğŸ”ğŸ‡ºğŸ‡¸ Send â¡ï¸ this to 1ï¸âƒ£0ï¸âƒ£ PATRIOTIC PUSSIES ğŸ‡ºğŸ‡¸ğŸ˜¹ in the next 6ï¸âƒ£9ï¸âƒ£ seconds â± to get Lady Libertyâ€™s ğŸ—½ GREEN TITTIES ğŸ—½ in your face tonight! ğŸ‡ºğŸ‡¸ğŸ˜ˆğŸ˜"
hl1pny,can anyone translate this?!?!??!?!, [https://www.youtube.com/watch?v=ndIhMezuPrY](https://www.youtube.com/watch?v=ndIhMezuPrY)
hl16y2,ğŸ‡ºğŸ‡¸ğŸ‡ºğŸ‡¸ Independence Day ğŸ‡ºğŸ‡¸ğŸ‡ºğŸ‡¸,"Itâ€™s the fourth 4ï¸âƒ£ of July ğŸŒ»â˜€ï¸. You ğŸ‘‰ğŸ‘ğŸ‘„ğŸ‘ know ğŸ’¡ what that means ?? Today is ğŸ‡ºğŸ‡¸ Independence Day !!! ğŸ‰ğŸ‰ğŸ‡ºğŸ‡¸ğŸ‡ºğŸ‡¸ğŸ‡ºğŸ‡¸ itâ€™s time â° to celebrate ğŸŠ our founding ğŸ” fathers ğŸ¥µğŸ¥µğŸ¥³ğŸ’ğŸ¼â€â™‚ï¸ğŸ™‹ğŸ¼â€â™‚ï¸ğŸ™ğŸ»â€â™‚ï¸ğŸ’ğŸ»â€â™‚ï¸ !!! Fuck Obama ğŸ¤µğŸ¿, fuck Liberals â˜®ï¸ğŸ³ï¸â€ğŸŒˆ, fuck immigrants ğŸ§•ğŸ»ğŸ§•ğŸ¼ğŸ§•ğŸ¾, today is all about the pure ğŸ³ï¸ğŸ³ï¸ â€˜Murican ğŸ‡ºğŸ‡¸ğŸ‡ºğŸ‡¸ spirit !!! ğŸ™†ğŸ»ğŸ™†ğŸ¼ğŸ™†ğŸ»â€â™‚ï¸ğŸ™†ğŸ¼â€â™‚ï¸"
hl0jfz,Bass Slut,"I'mğŸ™ŒağŸ§â€â™‚ï¸hardğŸ†bassğŸ¸slutğŸ‘¯â€â™€ï¸iğŸ‘‡wantğŸ¤² the ğŸ“šsound ğŸ¤thatğŸŒgetsğŸ§¤meğŸ¤¯hotğŸ¥µ
PlayğŸ¥theğŸ¥„noiseğŸ¶againğŸš¼, againğŸšºIğŸ‘wantğŸ—£the ğŸ“’bassğŸ”thatğŸ§â€â™‚ï¸makesğŸ‘¶meğŸ¤¡wetğŸŒ¬ğŸ’¦"
hky64m,E,HOLY SHIT ğŸ¤£ğŸ¤£ğŸ¤£ğŸ¤£ğŸ¤£ THAT WAS SO FUCKING FUNNY ğŸ˜† of him ğŸš¶â€â™‚ï¸ To post an EPIC RICK ROLL!!!!!!!!! LIKE DUDE IM SERIOUSLY ROLLING ON THE FLOOR LAUGHING!!!!!!! ROTFL HOLY SHIT DUDE I THINK I NEED AN AMBULANCE ğŸš‘ BECAUSE I AM HAVING A FUCKING â¤ HEART ATTACK ğŸ¤œğŸ¤› HOLY SHIT GRAMMY AND WHOLESOME 100 KEANU CHUNGUS AWARD 100 WHOLESOME!!!!!!!!!!!! LIKE SO PEW â˜„ DIE ğŸ² PIE ğŸ¥§ CAN SEE THIS MANS ORIGINALITY AND FUNNINESS ANYWAYS IM GOING TO FEED MY HECKIN CHONKER ğŸ˜¹ğŸ˜¼ğŸˆ 6000 KG OF FOOD AND DELETE SOME REDDIT POSTS FOR A RULE THAT IS NOT KNOWN TO ANYBODY BUT I WANT THIS SUBREDDIT TO BE ğŸ’¯ WHOLESOME ğŸ’¯ BECAUSE REDDIT GOOD FORTTRASH BAD ğŸ˜²ğŸ˜²ğŸ˜²ğŸ˜±ğŸ˜±ğŸ˜±ğŸ˜±ğŸ˜± I JUST SAW MY FUCKING COUSIN PLAY FORTTRASH WHILE ON TIKTRASH ğŸ˜±ğŸ˜±ğŸ˜±ğŸ˜±ğŸ˜²ğŸ˜±ğŸ˜±ğŸ˜±ğŸ˜²ğŸ˜±ğŸ˜±ğŸ˜±ğŸ˜±ğŸ˜±ğŸ˜±ğŸ˜²ğŸ˜²ğŸ˜± SO I JUST BULLIED HER TO SUICIDE  BUT I DID NOT GO TO HER FUNERAL BECAUSE IF I DID I WOULD BE A SIMP ğŸ˜±ğŸ¥µğŸ˜°ğŸ¥µğŸ˜¡ğŸ˜±ğŸ˜±ğŸ¥µğŸ˜ ğŸ¤¬ğŸ¤¢ğŸ¤¢ğŸ¤¢ğŸ¤¢ğŸ¤®ğŸ¤® AND MY CRUSH REJECTED ME SHE PROBABLY ALSO GOES ON INSTA TRASH. WAIT WHAT!??? â”â‰ï¸â“â‰ï¸â‰ï¸ğŸ˜•â‰ï¸â‰ï¸â‰ï¸â‰ï¸ RICK ASTELY USE EMOJI AND TIKTRASH!????.â‰ï¸â‰ï¸â‰ï¸â“â‰ï¸â“â‰ï¸â“â“â‰ï¸â‰ï¸ğŸ˜± HE IS ACCEPTABLE BECAUSE HE MADE FUNNY VIDEO THAT HIS SO NOT OVERUSED ğŸ¤˜ğŸ¤˜ğŸ¤˜ğŸ¤˜ğŸ¤˜ RICK ASTELY ALSO USES READDDDDDIT OK NOW THAT IS HOLESUM KEANU CHUNGUS ğŸ’¯ OH SHIT MY HOUSE IS BURNING DOWN ğŸ ğŸ”¥ğŸ”¥ğŸ”¥ğŸ”¥ IM NOT GOING TO CALL AN AMBULANCE BECAUSE THAYS BORING AND NOT HOLSUM ğŸ’¯ğŸ’¯ğŸ’¯ğŸ’¯ğŸ’¯ğŸ’¯ INSTEAD IM GOING TO POST IT TO r/wellthatsucks BECAUSE I WANT SOME USELESS KARMA HA HA HA MY GRANDMA TURNED 69 TODAY WOAH THATS NICE ğŸ’¯ğŸ’¯ğŸ’¯ğŸ’¯ MY DAD HAS A CRIPPLING ADDICTION THE 420 SO THATS EXTRA NICE ğŸ˜©ğŸ˜©ğŸ˜©ğŸ˜ğŸ˜ğŸ˜ğŸ˜ OH SHIT IM FUCKING BURNINF AHHHHH QUICK I GOTTA PSOT IT QUICK BEFOR EI DIE â˜ â˜ â˜ â˜ â˜ â˜ â˜ 
hky4z9,shane dawson ğŸ˜¼ğŸ˜³,"
rah ğŸ˜ rah ğŸ¤ª rah ğŸ˜ roll ğŸ•·ï¸ up â¬†ï¸to the ğŸ‘£ party ğŸš— with ğŸ™ myğŸ¦¶crazy ğŸ¤ª pink ğŸ€ wig ğŸ‘©â€ğŸ¦° but ğŸ‘„ i ğŸ‘¶ cant âŒ get â€¼ï¸through ğŸ’¸ the âœ¨ door ğŸšª because ğŸ‘º my ğŸ‘©â€ğŸ¦° bootys ğŸ¥¾ too ğŸ˜± big ğŸ¤¬"
hky47i,teen titans,picture ğŸ“¸ my ğŸ¦¶ booty ğŸ¤ª up ğŸ˜± in ğŸ˜¼ 3D ğŸ‘¥ ill ğŸ˜ shake ğŸ˜‹ my ğŸ˜ booty ğŸ¥¾ in ğŸ˜ my ğŸ¥³ movie ğŸ¥
hkwgwy,so greedy....,"Babyâ˜ï¸Youâœ¨gotğŸ’—lucky ğŸcauseğŸ–¤you'reğŸ‘‘rocking ğŸ¥°withğŸ’«the ğŸ’…ğŸ»best ğŸ¥µandğŸ’›imğŸŒ¸greedyğŸcause ğŸ¥ºimğŸ”¥soğŸŒ¹greedyğŸ˜ŠiğŸ˜aintğŸ’€talking ğŸ’¸moneyğŸ˜©I'm ğŸ•just ğŸ˜¤physically ğŸ¤ªobsessed ğŸŒšand ğŸ˜‡iâ€™m ğŸ˜greedy ğŸ¤ªso ğŸ¤—greedy âœ¨Greedayyyyy ğŸ˜¬ohhhhh, ğŸ˜œyou know ğŸ‹that Iâ€™m greedyğŸ˜”for love â¤ï¸you ğŸ‘‰ğŸ»know ğŸ’­that iâ€™m ğŸ˜Œgreedy ğŸ‘€for love ğŸ’•"
hkwcbm,ğŸ‡ºğŸ‡¸Happy Independents DayğŸ‡ºğŸ‡¸,"ğŸ‡ºğŸ‡¸Happy Independence DayğŸ‡ºğŸ‡¸ to all my freedom lovingâ¤ï¸ğŸ¤ğŸ’™ hoes! ğŸ‘¯â€â™€ï¸ Corona ğŸ˜· may keep us inside ğŸ¡ but nothing ğŸ˜¤ğŸ™…â€â™€ï¸ can stop our NATIONAL PRIDE!!!! ğŸ‡ºğŸ‡¸ Daddy George Washington can't wait to grant you your Bill of Rights ğŸ˜œğŸ‘¨ğŸ¼â€âš–ï¸ğŸ’¦ Send this to 1ï¸âƒ£0ï¸âƒ£ of your fellow cumpatriots  ğŸ† if you get 5ï¸âƒ£ back you're a ğŸ‡ºğŸ‡¸helpful handğŸ‡ºğŸ‡¸ to the United Sisters of AmericağŸ—½if you get 7ï¸âƒ£ back you're dripping ğŸ’¦ with pride for this cuntryâ¤ï¸ğŸ¤ğŸ’™ if you get all ğŸ”Ÿ back, your patrotic pussy is ğŸ†POPPINğŸ† if you get none back you're nothing but a COMMIE PINKOğŸ˜¤ğŸ¤¢ğŸ™…â€â™€ï¸ Enjoy your Independence bitches!!! ğŸ‡ºğŸ‡¸ Hope you get to see a Founding Father tonight ğŸ˜‰â¤ï¸ğŸ¤ğŸ’™"
hkv4y3,ğŸ˜»ğŸ¥¤PUSSY ğŸ‘„COLAğŸ¥¤,my pussy ğŸ˜¼ğŸ˜¼tastesğŸ‘…ğŸ‘…ğŸ‘„like pepsi cola ğŸ¤­ğŸ¤­ğŸ¥¤ğŸ‘€ğŸ‘€ğŸ¤ğŸ’”ğŸ’”ğŸ’”ğŸ¥¤ğŸ˜ğŸ’¦ğŸ˜»ğŸ‘„ğŸ‘„my eyes ğŸ‘€ ğŸ‘ğŸ‘r wideğŸ‘ğŸ‘like cherry ğŸ’ pies ğŸ¥§ ğŸ¥§ğŸ¥§ğŸ¥§ğŸ’
hktzyl,running around da block,running ğŸƒâ€â™‚ï¸ğŸ’¨ around ğŸ”ƒ da block ğŸš¸ with ğŸ¤ a glock ğŸ”« your ğŸ™‡â€â™‚ï¸ ass ğŸ‘ finna get shot ğŸ’¥
hktxxv,A great twitter add,"You know why you can watch ğŸ“º , read ğŸ—,  trade ğŸ“ˆ,  order ğŸ”,  send ğŸ’¸,  and learn ğŸ‡«ğŸ‡· right from yourğŸ“±? Because 4G transformed our ğŸŒ. I donâ€™t know ğŸ§  ğŸ¤·ğŸ¾â€â™€ï¸ all the ways 5G will enable us, but I know it will be done on our nationwide 5G network ğŸ˜‰"
hktrav,Have you ğŸ‘‰ğŸ™‚ ever yelled ğŸ—£ï¸ at the moon ğŸŒ•â“â‰ï¸,
